SOURCE: Related article or authors,METHODS:                  Sampling/Analysis,DATE (yyyy-mm-dd),LATITUDE,LONGITUDE,DEPTH (m),Trichodesmium nifH Gene (x106 copies m-2),UCYN-A1 nifH Gene (x106 copies m-2),UCYN-A2 nifH Gene (x106 copies m-2),UCYN-A nifH Gene (x106 copies m-2),UCYN-B nifH Gene (x106 copies m-2),UCYN-C nifH Gene (x106 copies m-2),Richelia Associated Species,Total Richelia (het-1 +het-2) nifH Gene (x106 copies m-3),Richelia  (het-1 or RintRC02) nifH Gene (x106 copies m-3),Richelia  (het-2 or ReuHH01) nifH Gene (x106 copies m-3),Richelia  ( RrhiSC01) nifH Gene (x106 copies m-3),Calothrix nifH Gene  (x106 copies m-2),Temperature (˚C),Salinity (PSU),Nitrate (µM),Phosphate (µM),Fe (nM),Chlorophyll  (mg m-3),Notes
"Church et al. (2005a), doi:10.3354/ame038003",qPCR,12/14/2002,22.75,-158.00,200.00,271.12,,,11028.19,208.90,,,,,,,,,,,,,,Trichodesmium integrated down to 100 m  depth
"Church et al. (2005b), doi:10.1128/Aem.71.9.5362-5370.2005",qPCR,12/13/2002,22.75,-158.00,175.00,462.78,,,3678.99,33237.66,,Rhizosolenia,509.05,,,,,,,,,,,midnight sample
,qPCR,12/14/2002,22.75,-158.00,150.00,4861.12,,,14646.35,5.77,,Rhizosolenia,11193.78,,,,,,,,,,,noon sample
"Fong et al. (2008), doi:10.1038/ismej.2008.22",qPCR,7/16/2005,22.75,-158.00,100.00,18000.00,,,6400.00,260.00,,"Hemiaulus, Rhizosolenia",6810.00,,,,320.00,,,,,,,
,qPCR,7/26/2005,22.37,-157.50,100.00,17000.00,,,5800.00,2300.00,,"Hemiaulus, Rhizosolenia",430520.00,,,,810.00,,,,,,,
,qPCR,7/26/2005,22.45,-157.65,100.00,1800.00,,,1300.00,61.00,,"Hemiaulus, Rhizosolenia",3313.00,,,,150.00,,,,,,,
,qPCR,7/26/2005,22.55,-157.80,100.00,26000.00,,,7400.00,1900.00,,"Hemiaulus, Rhizosolenia",420250.00,,,,370.00,,,,,,,
,qPCR,7/26/2005,22.58,-157.88,100.00,27000.00,,,6400.00,400.00,,"Hemiaulus, Rhizosolenia",190290.00,,,,870.00,,,,,,,
,qPCR,7/26/2005,22.63,-157.95,100.00,34000.00,,,5400.00,190.00,,"Hemiaulus, Rhizosolenia",190200.00,,,,300.00,,,,,,,
,qPCR,7/26/2005,22.68,-158.05,100.00,11000.00,,,4600.00,1200.00,,"Hemiaulus, Rhizosolenia",251800.00,,,,1400.00,,,,,,,
,qPCR,7/26/2005,22.75,-158.15,100.00,5700.00,,,6700.00,2800.00,,"Hemiaulus, Rhizosolenia",122100.00,,,,,,,,,,,
,qPCR,7/26/2005,22.83,-158.30,100.00,11000.00,,,4100.00,1100.00,,"Hemiaulus, Rhizosolenia",37300.00,,,,1300.00,,,,,,,
,qPCR,8/13/2005,22.75,-158.00,100.00,17000.00,,,1700.00,1500.00,,"Hemiaulus, Rhizosolenia",3700.00,,,,810.00,,,,,,,
"Foster et al. (2007), doi:10.4319/lo.2007.52.2.0517",qPCR,4/24/2003,7.14,-51.49,70.00,3497.45,,,204.95,309.00,3204.09,"Hemiaulus,Rhizosolenia",1270.58,,,,,28.20,35.10,,,,,
,qPCR,4/26/2003,10.20,-54.62,60.00,521.55,,,4.93,78.15,116.54,"Hemiaulus,Rhizosolenia",144084.86,,,,,27.70,34.90,,,,,
,qPCR,5/1/2003,11.45,-55.56,90.00,26.05,,,126.75,46.50,98.19,"Hemiaulus,Rhizosolenia",9918.50,,,,,27.70,34.60,,,,,
,qPCR,5/4/2003,7.77,-54.35,90.00,91.92,,,61.90,12.41,0.07,"Hemiaulus,Rhizosolenia",12500.05,,,,,27.80,28.60,,,,,
,qPCR,5/11/2003,10.77,-53.97,88.00,1005.62,,,4.01,131.70,1904.04,"Hemiaulus,Rhizosolenia",303852.53,,,,,27.50,34.30,,,,,
,qPCR,5/12/2003,10.75,-51.72,110.00,106.10,,,12345.12,6.36,18.42,"Hemiaulus,Rhizosolenia",260.65,,,,,26.10,36.40,,,,,
,qPCR,5/13/2003,10.58,-49.69,90.00,16922.85,,,566.50,620.95,712.51,"Hemiaulus,Rhizosolenia",1100.70,,,,,27.30,35.70,,,,,
,qPCR,5/14/2003,9.68,-48.33,75.00,38629.00,,,6737.50,46740.00,3731.02,"Hemiaulus,Rhizosolenia",2526.50,,,,,27.40,35.90,,,,,
,qPCR,5/18/2003,8.63,-56.19,80.00,55.00,,,0.10,0.28,0.02,"Hemiaulus,Rhizosolenia",62.93,,,,,27.60,31.40,,,,,
,qPCR,5/20/2003,10.87,-54.98,70.00,1715.75,,,17.62,4.44,136.71,"Hemiaulus,Rhizosolenia",5882.43,,,,,27.70,32.60,,,,,
"Needoba et al. (2007), doi:10.4319/lo.2007.52.4.1317",qPCR,10/25/2005,34.00,-129.00,100.00,,,,500.70,44.33,15.74,,,,,,,19.34,33.43,0.01,0.13,0.09,,
"Foster et al. (2009b), doi:10.1111/j.1462-2920.2008.01796.x",qPCR,6/14/2007,0.53,2.33,36.00,178.17,,,246.45,2.38,,,0.00,,,,0.14,27.00,34.70,,,,,
,qPCR,6/15/2007,3.52,2.33,39.30,590.30,,,43.82,123.36,,Rhizosolenia,0.38,,,,40.39,28.20,34.60,,,,,
"Foster, R.A., Max Planck Institute for Marine Microbiology, rfoster@mpi-bremen.de",qPCR,7/14/2008,24.51,-109.00,50.00,1119.09,,,0.00,42.50,,"Rhizosolenia,Hemiaulus",174.49,,,,,28.87,34.99,,,,,
,qPCR,7/18/2008,20.55,-106.55,55.00,395.65,,,0.00,21.00,,"Rhizosolenia,Hemiaulus",30.93,,,,,29.49,33.93,,,,,
,qPCR,7/12/2008,26.51,-110.31,35.00,,,,0.00,30.00,,"Rhizosolenia,Hemiaulus",7.80,,,,,27.94,35.25,,,,,
,qPCR,7/15/2008,24.51,-109.00,50.00,257.81,,,,0.00,,"Rhizosolenia,Hemiaulus",511.05,,,,,28.87,34.99,,,,,
"Kong et al. (2011), doi:10.3354/ame01531",qPCR,8/10/2009,21.00,115.00,150.00,446.30,,,58.86,52.63,,,,,,,,28.20,33.51,0.00,0.01,,,"Sampling dates estimated, cruise in August 2009"
,qPCR,8/15/2009,19.80,116.00,150.00,1549.81,,,3488.54,40.08,,Rhizosolenia,155.18,,,,,29.70,33.67,0.00,0.01,,0.12,"Sampling dates estimated, cruise in August 2009"
,qPCR,8/20/2009,18.70,117.30,150.00,653.50,,,416.38,196.71,,Rhizosolenia,49.98,,,,,29.80,33.60,0.00,0.03,,0.06,"Sampling dates estimated, cruise in August 2009"
,qPCR,8/25/2009,18.00,118.00,150.00,33611.21,,,16.48,149.32,,Rhizosolenia,40.98,,,,,28.70,33.39,0.00,0.02,,0.09,"Sampling dates estimated, cruise in August 2009"
"Langlois et al. (2008), doi:10.1128/Aem.01720-07",qPCR,11/1/2002,5.29,-24.03,100.00,19.87,,,0.00,0.00,0.00,,,,,,,28.52,34.67,0.03,0.03,,,
,qPCR,11/4/2002,11.00,-21.67,80.00,13.76,,,6.68,0.00,0.00,,,,,,,28.69,35.25,0.03,0.03,,,
,qPCR,11/5/2002,11.50,-18.73,80.00,6.50,,,0.49,3.90,0.00,,,,,,,28.75,35.00,0.06,0.02,,,
,qPCR,11/7/2002,11.00,-19.75,70.00,21.01,,,0.00,0.00,80.56,,,,,,,29.03,34.94,0.00,0.01,,,
,qPCR,11/8/2002,11.00,-20.42,60.00,84.32,,,21.77,0.00,61.28,,,,,,,28.99,35.55,0.04,0.02,,,
,qPCR,11/9/2002,8.40,-18.50,60.00,29.31,,,6.78,0.00,0.00,,,,,,,28.87,35.36,,,,,
,qPCR,3/12/2004,22.06,-63.23,160.00,64.09,,,0.00,0.00,0.00,,,,,,,25.58,36.64,0.03,0.15,,,
,qPCR,3/12/2004,23.30,-64.17,140.00,178.84,,,0.00,0.00,0.00,,,,,,,25.28,36.67,0.08,0.07,,,
,qPCR,3/13/2004,25.79,-66.00,140.00,0.00,,,0.00,0.00,0.00,,,,,,,23.38,36.83,0.00,0.08,,,
,qPCR,3/15/2004,29.72,-61.30,120.00,0.00,,,0.00,0.00,0.00,,,,,,,21.19,36.81,0.03,0.10,,,
,qPCR,3/22/2004,28.21,-53.78,145.00,0.00,,,0.00,0.00,0.00,,,,,,,22.03,36.91,0.01,0.05,,,
,qPCR,3/27/2004,38.99,-44.01,200.00,0.00,,,0.00,0.00,0.00,,,,,,,17.28,36.43,1.66,0.21,,,
,qPCR,3/28/2004,42.00,-43.00,100.00,0.00,,,0.00,0.00,0.00,,,,,,,16.29,36.34,4.09,0.33,,,
,qPCR,4/1/2004,33.01,-41.49,165.00,15.47,,,0.00,0.00,0.00,,,,,,,19.75,36.67,0.01,0.12,,,
,qPCR,4/4/2004,33.98,-30.63,160.00,0.00,,,8.17,0.00,0.00,,,,,,,18.47,36.59,0.20,0.12,,,
,qPCR,4/5/2004,33.98,-30.17,150.00,0.00,,,0.00,0.00,0.00,,,,,,,17.93,36.46,0.26,0.08,,,
,qPCR,4/5/2004,32.58,-28.58,140.00,0.00,,,13.41,0.00,0.00,,,,,,,19.18,36.68,0.09,0.07,,,
,qPCR,4/6/2004,30.81,-26.73,160.00,92.79,,,805.62,0.00,0.00,,,,,,,20.02,36.95,0.02,0.05,,,
,qPCR,4/7/2004,33.80,-25.13,110.00,0.00,,,173.90,0.00,0.00,,,,,,,18.14,36.34,0.04,0.03,,,
,qPCR,4/12/2004,37.59,-13.48,125.00,0.00,,,0.00,0.00,0.00,,,,,,,15.83,36.27,0.64,0.15,,,
"Mazard et al. (2004), doi:10.1128/Aem.70.12.7355-7364.2004",qPCR,9/7/2001,0.00,67.00,150.00,,,,,13511.55,,,,,,,,,,,,,,"Sampling dates estimated, cruise in 2001-09-01 to 2001-09-27"
,qPCR,9/9/2001,3.80,67.00,220.00,,,,,1439.34,,,,,,,,,,,,,,"Sampling dates estimated, cruise in 2001-09-01 to 2001-09-27"
,qPCR,9/12/2001,7.60,67.00,150.00,,,,,783.06,,,,,,,,,,,,,,"Sampling dates estimated, cruise in 2001-09-01 to 2001-09-27"
,qPCR,9/26/2001,26.00,56.58,95.00,,,,,512.57,,,,,,,,,,,,,,"Sampling dates estimated, cruise in 2001-09-01 to 2001-09-27"
"Moisander et al. (2008), doi:10.1038/ismej.2008.51",qPCR,4/17/2006,9.99,108.78,75.00,10937.76,,,22.05,,,,,,,,,,,,,,,
,qPCR,4/18/2006,10.32,109.07,120.00,7611.10,,,0.00,74.99,,,,,,,,,,,,,,
,qPCR,4/18/2006,9.78,109.52,1144.00,5580.53,,,0.00,,,,,,,,,,,,,,,
,qPCR,4/19/2006,10.95,109.75,280.00,1410.69,,,0.00,1.19,,,,,,,,,,,,,,
,qPCR,4/19/2006,10.52,110.37,1700.00,14009.20,,,0.00,,,,,,,,,,,,,,,
,qPCR,4/19/2006,10.03,109.97,1500.00,2112.64,,,718.78,,,,,,,,,,,,,,,
,qPCR,4/20/2006,11.63,109.51,126.00,1508.30,,,0.00,,,,,,,,,,,,,,,
,qPCR,4/20/2006,11.39,110.09,600.00,769.39,,,0.00,,,,,,,,,,,,,,,
"Moisander et al. (2010), doi:10.1126/science.1185468",qPCR,3/17/2007,-15.00,155.00,149.29,1479.06,,,4.10,4921.97,,"Rhizosolenia,Hemiaulus",20.53,,,,,29.17,34.44,0.00,0.11,,0.08,
,qPCR,3/18/2007,-17.50,155.80,149.08,20.57,,,8843.43,1677.52,,"Rhizosolenia,Hemiaulus",5.76,,,,,28.21,34.75,0.00,0.12,,0.06,
,qPCR,3/19/2007,-20.00,156.61,150.32,85.31,,,17541.38,12906.11,,"Rhizosolenia,Hemiaulus",27.91,,,,,27.66,34.93,0.01,0.11,,0.02,
,qPCR,3/20/2007,-22.50,157.43,148.93,50.58,,,20186.63,3494.72,,"Rhizosolenia,Hemiaulus",35.86,,,,,27.08,35.14,0.00,0.10,,0.03,
,qPCR,3/21/2007,-25.00,158.27,150.76,54.67,,,19532.41,551.36,,"Rhizosolenia,Hemiaulus",8.04,,,,,25.81,35.39,0.00,0.09,,0.07,
,qPCR,3/22/2007,-27.50,159.12,149.85,127.37,,,38365.31,608.92,,"Rhizosolenia,Hemiaulus",10.68,,,,,25.30,35.67,0.01,0.06,,0.10,
,qPCR,3/22/2007,-30.00,160.00,148.64,296.75,,,87001.38,85.82,,"Rhizosolenia,Hemiaulus",7.93,,,,,24.29,35.74,0.01,0.05,,0.08,
,qPCR,3/24/2007,-27.69,162.03,150.07,154.78,,,72191.67,1884.84,,"Rhizosolenia,Hemiaulus",16.36,,,,,24.27,35.90,0.00,0.00,,0.09,
,qPCR,3/25/2007,-25.38,164.01,149.44,640.28,,,32768.90,1110.69,,,,,,,,25.16,35.65,0.02,0.07,,0.10,
,qPCR,3/28/2007,-23.05,166.23,149.98,1342.37,,,10329.31,1285.73,,,,,,,,25.52,35.50,0.01,0.08,,0.13,
,qPCR,3/29/2007,-22.55,170.39,149.49,8548.17,,,13138.72,1024.40,,"Rhizosolenia,Hemiaulus",12.43,,,,,26.42,35.37,0.00,0.05,,0.33,
,qPCR,3/30/2007,-22.05,174.35,129.33,18883.55,,,10544.72,2045.54,,,,,,,,26.72,35.48,0.01,0.04,,0.17,
,qPCR,3/31/2007,-21.55,178.30,148.54,11092.17,,,8852.98,5158.36,,,,,,,,27.95,35.21,0.00,0.03,,0.10,
,qPCR,4/2/2007,-21.05,-177.77,149.58,15440.88,,,0.93,468.92,,,,,,,,27.37,35.08,0.01,0.03,,0.12,
,qPCR,4/3/2007,-20.47,-173.55,148.43,21605.72,,,35.68,5115.66,,,,,,,,27.74,35.50,0.01,0.09,,0.15,
,qPCR,4/5/2007,-20.00,-170.00,149.71,230.21,,,202.85,3912.39,,,,,,,,27.92,35.21,0.00,0.13,,0.04,
,qPCR,4/6/2007,-17.50,-170.00,175.00,1143.64,,,0.41,18475.16,,,,,,,,29.00,35.18,0.00,0.14,,0.19,
,qPCR,4/7/2007,-15.00,-170.00,149.20,51088.54,,,221.07,29832.62,,,,,,,,29.98,35.01,0.00,0.10,,0.10,
,qPCR,4/8/2007,-15.00,-173.75,168.87,29241.55,,,37.70,13011.61,,,,,,,,29.48,35.13,0.00,0.11,,0.16,
,qPCR,4/9/2007,-15.00,-177.50,149.55,788.63,,,423.42,22438.94,,,,,,,,29.15,35.08,0.00,0.09,,0.05,
,qPCR,4/10/2007,-15.00,178.75,150.12,96271.55,,,2.96,6231.89,,"Rhizosolenia,Hemiaulus",455.76,,,,,28.94,34.99,0.01,0.03,,0.33,
,qPCR,4/12/2007,-15.00,175.00,149.63,9881.61,,,777.53,64339.73,,"Rhizosolenia,Hemiaulus",42.07,,,,,29.39,34.23,0.00,0.11,,0.06,
,qPCR,4/13/2007,-16.75,171.75,149.52,29624.83,,,2623.70,12018.53,,"Rhizosolenia,Hemiaulus",126.60,,,,,28.80,34.80,0.02,0.06,,0.20,
"Goebel et al. (2010), doi:10.1111/j.1462-2920.2010.02303.x",qPCR,6/18/2006,18.39,-67.89,200.00,650.00,,,0.01,0.31,0.00,"Rhizosolenia,Hemiaulus",52.04,,,,,28.80,36.40,,0.27,,,2006/6/18-2006/7/31
data come from Table 1.,qPCR,6/19/2006,16.39,-65.13,200.00,59000.00,,,200.00,6.10,0.00,Hemiaulus,160.00,,,,,28.20,36.00,,0.37,,,2006/6/18-2006/7/31
,qPCR,6/20/2006,12.26,-56.15,200.00,5200.00,,,15.00,34.00,2.70,"Rhizosolenia,Hemiaulus",21.04,,,,,28.40,31.80,,0.01,,,2006/6/18-2006/7/31
,qPCR,6/22/2006,11.99,-54.45,200.00,22000.00,,,0.01,0.10,0.00,"Rhizosolenia,Hemiaulus",144.00,,,,,28.10,30.10,,,,,2006/6/18-2006/7/31
,qPCR,6/30/2006,11.62,-51.50,200.00,14000.00,,,0.06,0.03,0.56,"Rhizosolenia,Hemiaulus",103.90,,,,,27.90,33.80,,,,,2006/6/18-2006/7/31
,qPCR,7/1/2006,11.71,-49.49,200.00,23000.00,,,41.00,4.90,640.00,"Rhizosolenia,Hemiaulus",11.10,,,,,27.50,36.10,,,,,2006/6/18-2006/7/31
,qPCR,7/2/2006,11.79,-46.16,200.00,8400.00,,,670.00,0.06,0.00,"Rhizosolenia,Hemiaulus",14.10,,,,,26.90,36.40,,,,,2006/6/18-2006/7/31
,qPCR,7/3/2006,11.79,-43.45,200.00,4200.00,,,2.00,0.08,0.00,"Rhizosolenia,Hemiaulus",10.70,,,,,27.40,36.10,,,,,2006/6/18-2006/7/31
,qPCR,7/4/2006,12.43,-40.13,200.00,380.00,,,510.00,0.11,0.00,"Rhizosolenia,Hemiaulus",130.86,,,,,26.40,36.40,,,,,2006/6/18-2006/7/31
,qPCR,7/6/2006,13.92,-35.28,200.00,340.00,,,830.00,18.00,0.00,Rhizosolenia,0.02,,,,,26.00,36.40,,,,,2006/6/18-2006/7/31
,qPCR,7/7/2006,14.98,-31.96,200.00,38.00,,,11000.00,0.03,0.00,"Rhizosolenia,Hemiaulus",11.03,,,,,25.20,36.40,,0.08,,,2006/6/18-2006/7/31
,qPCR,7/12/2006,16.90,-25.00,200.00,650.00,,,4000.00,0.19,0.00,"Rhizosolenia,Hemiaulus",7.94,,,,,26.90,36.20,,,,,2006/6/18-2006/7/31
,qPCR,7/13/2006,10.00,-28.77,200.00,2.30,,,650.00,0.02,0.01,"Rhizosolenia,Hemiaulus",0.14,,,,,27.20,36.00,,,,,2006/6/18-2006/7/31
,qPCR,7/15/2006,6.65,-30.85,200.00,9100.00,,,0.02,0.05,0.00,,,,,,,28.40,35.10,,,,,2006/6/18-2006/7/31
,qPCR,7/16/2006,3.33,-32.93,200.00,33000.00,,,85.00,0.11,0.00,"Rhizosolenia,Hemiaulus",4.08,,,,,27.90,35.50,,0.04,,,2006/6/18-2006/7/31
,qPCR,7/17/2006,0.08,-34.99,200.00,6100.00,,,0.00,0.00,0.00,Rhizosolenia,0.06,,,,,26.80,36.20,,0.58,,,2006/6/18-2006/7/31
,qPCR,7/18/2006,1.83,-38.50,200.00,38000.00,,,0.06,100.00,0.00,"Rhizosolenia,Hemiaulus",47.00,,,,,28.10,35.60,,,,,2006/6/18-2006/7/31
,qPCR,7/19/2006,3.67,-41.96,200.00,11000.00,,,0.01,0.11,0.00,"Rhizosolenia,Hemiaulus",870.09,,,,,28.30,35.30,,0.03,,,2006/6/18-2006/7/31
,qPCR,7/20/2006,5.60,-45.60,200.00,21000.00,,,0.02,4.80,0.85,"Rhizosolenia,Hemiaulus",226.00,,,,,28.60,33.00,,0.13,,,2006/6/18-2006/7/31
,qPCR,7/21/2006,7.53,-49.26,200.00,28000.00,,,0.00,0.07,0.25,"Rhizosolenia,Hemiaulus",29.60,,,,,28.80,32.80,,,,,2006/6/18-2006/7/31
,qPCR,7/22/2006,9.47,-52.93,200.00,1400.00,,,0.00,0.06,0.25,Hemiaulus,0.68,,,,,28.30,34.70,,,,,2006/6/18-2006/7/31
,qPCR,7/22/2006,11.30,-56.43,200.00,480.00,,,0.00,0.00,,,,,,,,28.40,32.90,,,,,2006/6/18-2006/7/31
"Takuhei Shiozaki et al., 2014. Continetal Shelf Research",qPCR,2010 May ,21.50,122.00,200.00,12000.00,,,6800.00,14000.00,,,,,,,,,,0.02,0.03,,,
,qPCR,2010 May ,21.50,122.50,200.00,16000.00,,,2100.00,8500.00,,,,,,,,,,0.01,0.08,,,
data shown in table 3,qPCR,2010 May ,21.00,120.00,200.00,2100.00,,,1300.00,1500.00,,,,,,,,,,0.01,0.03,,,
,qPCR,2010 May ,21.00,119.50,200.00,1500.00,,,1700.00,560.00,,,,,,,,,,0.02,0.03,,,
,qPCR,2010 May ,21.00,118.00,200.00,12000.00,,,860.00,590.00,,,,,,,,,,0.01,0.04,,,
,qPCR,2010 May ,21.00,117.50,200.00,7000.00,,,1200.00,540.00,,,,,,,,,,0.01,0.03,,,
,qPCR,2010 May ,21.00,117.00,200.00,8400.00,,,720.00,320.00,,,,,,,,,,0.02,0.03,,,
,qPCR,2010 May ,21.00,116.50,200.00,1500.00,,,1200.00,520.00,,,,,,,,,,0.03,0.03,,,
,qPCR,2010 September,21.50,122.50,200.00,3600.00,,,41.00,34000.00,,,,,,,,,,0.02,0.03,,,
,qPCR,2010 September,21.00,120.00,200.00,1800.00,,,14.00,1700.00,,,,,,,,,,0.05,0.03,,,
,qPCR,2010 September,21.00,119.50,200.00,3200.00,,,91.00,1100.00,,,,,,,,,,0.03,0.03,,,
,qPCR,2010 September,21.00,119.00,200.00,1500.00,,,13.00,1800.00,,,,,,,,,,0.03,0.02,,,
,qPCR,2010 September,21.00,118.00,200.00,1400.00,,,32.00,440.00,,,,,,,,,,0.01,0.02,,,
,qPCR,2010 September,21.00,117.50,200.00,1100.00,,,95.00,730.00,,,,,,,,,,0.03,0.02,,,
,qPCR,2010 September,21.00,117.00,200.00,1100.00,,,290.00,250.00,,,,,,,,,,0.08,0.02,,,
,qPCR,2010 September,21.00,116.50,200.00,1400.00,,,0.00,200.00,,,,,,,,,,0.05,0.02,,,
,qPCR,2010 December,21.50,122.50,200.00,1900.00,,,3000.00,490.00,,,,,,,,,,0.01,0.03,,,
,qPCR,2010 December,21.00,120.00,200.00,990.00,,,3900.00,750.00,,,,,,,,,,0.28,0.07,,,
,qPCR,2010 December,21.00,119.50,200.00,2500.00,,,4200.00,1700.00,,,,,,,,,,0.07,0.01,,,
,qPCR,2010 December,21.00,119.00,200.00,1500.00,,,2900.00,830.00,,,,,,,,,,0.22,0.07,,,
,qPCR,2010 December,21.00,118.00,200.00,2500.00,,,1900.00,540.00,,,,,,,,,,0.06,0.06,,,
,qPCR,2010 December,21.00,117.50,200.00,2400.00,,,2400.00,2300.00,,,,,,,,,,0.19,0.08,,,
,qPCR,2010 December,21.00,117.00,200.00,810.00,,,2600.00,1500.00,,,,,,,,,,0.07,0.06,,,
,qPCR,2010 December,21.00,116.50,200.00,700.00,,,2100.00,760.00,,,,,,,,,,0.03,0.07,,,
"Shiozaki et al., 2014. GBC",qPCR,27 Nov to 16 Dec 2009,16.75,69.00,46.00,5.41,,,0.00,0.00,,,,,,,,,,,,,,
,qPCR,27 Nov to 16 Dec 2009,14.00,69.00,53.00,50.04,,,0.00,5.41,,,,,,,,,,,,,,
data shown in figure 6,qPCR,27 Nov to 16 Dec 2009,10.00,68.75,62.00,194.56,,,0.00,0.00,,,,,,,,,,,,,,
,qPCR,27 Nov to 16 Dec 2009,4.02,69.00,60.00,0.00,,,0.00,0.00,,,,,,,,,,,,,,
,qPCR,27 Nov to 16 Dec 2009,-5.27,67.90,61.00,0.00,,,0.00,0.00,,,,,,,,,,,,,,
,qPCR,27 Nov to 16 Dec 2009,-20.00,72.55,86.00,0.00,,,0.00,0.00,,,,,,,,,,,,,,
"Shiozaki et al., 2015. Biogeosciences",qPCR,8/20/2012,39.33,142.17,63.00,0.00,,,5356.15,0.00,,,,,,,,,,,,,,
,qPCR,8/20/2012,38.42,142.00,62.00,0.00,,,2066.30,0.00,,,,,,,,,,,,,,
"data shown in figure 7, 8 and supplementary Figure S6",qPCR,10/27/2012,39.33,142.17,62.00,1004.01,,,45.42,0.00,,,,,,,,,,,,,,
,qPCR,10/27/2012,38.42,142.00,65.00,13.25,,,16.04,0.00,,,,,,,,,,,,,,
,qPCR,1/2/2013,39.33,142.17,76.00,0.00,,,14.47,0.00,,,,,,,,,,,,,,
,qPCR,1/2/2013,38.42,142.00,119.00,0.00,,,0.00,0.00,,,,,,,,,,,,,,
,qPCR,6/13/2013,39.33,142.17,42.00,0.00,,,381.10,0.00,,,,,,,,,,,,,,
,qPCR,6/13/2013,38.42,142.00,44.00,0.00,,,101.56,0.00,,,,,,,,,,,,,,
,qPCR,9/13/2013,39.33,142.17,72.00,38.14,,,36.48,0.00,,,,,,,,,,,,,,
,qPCR,3/2/2014,39.33,142.17,26.00,0.00,,,0.00,0.00,,,,,,,,,,,,,,
,qPCR,3/2/2014,38.42,142.00,65.00,0.00,,,0.00,0.00,,,,,,,,,,,,,,
"Martinez-Perez et al., 2016. Nature Microbiology",qPCR,2013 May,11.20,-60.18,200.00,1416.21,,,1180.00,126.21,0.65,,54.98,,,,,,,0.03,0.02,,,
,qPCR,2013 May,13.48,-58.19,200.00,9174.85,,,542.50,50.84,3.06,,63.56,,,,,,,0.01,0.01,,,
data from supplementary table 1,qPCR,2013 May,14.30,-56.45,200.00,928.66,,,0.00,7.17,0.97,,29.53,,,,,,,0.02,n.d.,,,
,qPCR,2013 May,14.30,-54.30,200.00,5454.10,,,1520.00,69.29,0.70,,79.96,,,,,,,0.01,0.01,,,
,qPCR,2013 May,14.30,-49.15,200.00,2568.43,,,0.00,4.30,0.39,,79.69,,,,,,,0.00,0.00,,,
,qPCR,2013 May,14.30,-46.15,200.00,1510.92,,,42.00,14.38,5.70,,55.63,,,,,,,0.06,n.d.,,,
,qPCR,2013 May,14.30,-41.45,200.00,433.20,,,472.50,24.78,4.95,,115.16,,,,,,,0.00,n.d.,,,
,qPCR,2013 May,14.30,-39.30,200.00,108.05,,,870.00,7.21,4.68,,1259.47,,,,,,,0.04,n.d.,,,
,qPCR,2013 May,14.50,-35.00,200.00,102.64,,,1450.00,0.00,3.23,,42.48,,,,,,,0.03,n.d.,,,
,qPCR,2013 May,14.30,-32.45,200.00,31.67,,,4500.00,0.81,1.64,,67.79,,,,,,,0.05,n.d.,,,
,qPCR,2013 May,14.50,-30.50,200.00,28.66,,,1485.00,4.70,4.90,,39.52,,,,,,,0.03,0.01,,,
,qPCR,2013 May,14.50,-28.25,200.00,35.24,,,2750.00,3.50,3.96,,294.89,,,,,,,14.53,1.00,,,
,qPCR,2013 May,14.50,-26.00,200.00,31.91,,,1187.50,14.30,1.60,,42.72,,,,,,,0.04,0.05,,,
,qPCR,2013 May,14.50,-21.50,200.00,3.71,,,0.00,1.87,0.89,,5.12,,,,,,,0.01,0.28,,,
"Berthelot et al., 2017. GRL., doi:http://doi.org/10.5194/bg-16-999-2019",qPCR,2014 March,-2.80,150.20,70.00,159.02,0.47,0.00,0.47,4.70,0.00,Richelia-Rhizosolenia ,1.80,,,,,,,,,,,
,qPCR,2014 March,-3.20,149.40,70.00,87.22,10.04,0.00,10.04,0.00,0.00,Richelia-Rhizosolenia ,16.29,,,,,,,,,,,
data shown in figure 1 and supplementary information,qPCR,2014 March,-3.50,148.60,70.00,37.94,0.00,0.00,0.00,3.38,0.00,Richelia-Rhizosolenia ,0.46,,,,,,,,,,,
,qPCR,2014 March,-3.80,147.80,70.00,116.14,1.76,0.00,1.76,6.60,0.00,Richelia-Rhizosolenia ,0.00,,,,,,,,,,,
,qPCR,2014 March,-4.10,146.90,70.00,176.90,2.45,0.00,2.45,1.36,0.00,Richelia-Rhizosolenia ,1.30,,,,,,,,,,,
,qPCR,2014 March,-4.40,146.00,70.00,178.65,1.69,0.00,1.69,6.69,117.18,Richelia-Rhizosolenia ,0.00,,,,,,,,,,,
,qPCR,2014 March,-9.00,152.50,70.00,968.25,0.00,0.00,0.00,0.76,0.01,Richelia-Rhizosolenia ,2.48,,,,,,,,,,,
,qPCR,2014 March,-8.30,152.50,70.00,3472.58,2.85,0.00,2.85,1.86,2070.56,Richelia-Rhizosolenia ,0.00,,,,,,,,,,,
,qPCR,2014 March,-7.70,152.50,70.00,1029.82,0.00,0.00,0.00,0.00,806.04,Richelia-Rhizosolenia ,5.18,,,,,,,,,,,
,qPCR,2014 March,-7.00,152.50,70.00,1187.76,0.00,0.00,0.00,0.00,145.94,Richelia-Rhizosolenia ,1.19,,,,,,,,,,,
,qPCR,2014 March,-6.30,152.50,70.00,3011.52,0.00,0.00,0.00,0.00,5619.45,Richelia-Rhizosolenia ,10.41,,,,,,,,,,,
,qPCR,2014 March,-5.60,152.00,70.00,5066.63,0.00,0.00,0.00,0.00,479.88,Richelia-Rhizosolenia ,41.34,,,,,,,,,,,
,qPCR,2014 March,-11.50,154.00,90.00,2122.71,0.33,277.91,278.24,3561.17,2376.64,Richelia-Rhizosolenia ,24.55,,,,,,,,,,,
,qPCR,2014 March,-11.00,157.00,80.00,1070.78,0.30,0.00,0.30,489.57,0.05,Richelia-Rhizosolenia ,30.46,,,,,,,,,,,
,qPCR,2014 March,-10.50,159.00,85.00,1236.18,0.42,0.00,0.42,307.33,0.00,Richelia-Rhizosolenia ,11.21,,,,,,,,,,,
,qPCR,2014 March,-10.00,160.50,80.00,4322.14,0.00,0.00,0.00,439.87,0.05,Richelia-Rhizosolenia ,108.79,,,,,,,,,,,
"Moreira-Coello et al., 2017. Frontiers in Marine Sciences",qPCR,2/27/2014,43.70,-8.73,70.00,,nan,nan,0.10,,,,,,,,,12.50,33.80,6.90,0.28,,,
,qPCR,5/27/2014,43.70,-8.73,70.00,,0.15,0.32,0.47,,,,,,,,,15.50,35.00,0.10,0.07,,,
,qPCR,12/17/2014,43.70,-8.73,70.00,,nan,nan,nan,,,,,,,,,13.80,35.50,3.80,nan,,,
data shown in Figure 6 and supplementary material,qPCR,4/14/2015,43.70,-8.73,70.00,,0.11,0.49,0.60,,,,,,,,,13.55,35.30,1.30,0.09,,,
,qPCR,5/12/2015,43.70,-8.73,70.00,,0.00,0.33,0.33,,,,,,,,,15.60,35.10,< LOD ,0.09,,,
,qPCR,6/11/2015,43.70,-8.73,70.00,,0.14,2.10,2.24,,,,,,,,,13.60,35.50,3.70,0.33,,,
,qPCR,7/22/2015,43.70,-8.73,70.00,,1.30,1.00,2.30,,,,,,,,,16.20,35.60,0.10,0.34,,,
,qPCR,9/3/2015,43.70,-8.73,70.00,,1.30,3.20,4.50,,,,,,,,,16.40,35.30,2.40,0.33,,,
,qPCR,11/19/2015,43.70,-8.73,70.00,,0.26,0.37,0.63,,,,,,,,,17.10,35.70,1.10,0.22,,,
,qPCR,12/16/2015,43.70,-8.73,70.00,,0.16,1.50,1.66,,,,,,,,,15.10,35.80,3.40,0.30,,,
"Shiozaki et al., 2017. GBC.",qPCR,7/3/2014,0.00,-170.00,104.00,n.d.,n.d.,n.d.,n.d.,n.d.,n.d.,"Rhizosolenia,Hemiaulus",0.00,,,,,,,,,,,
,qPCR,7/4/2014,5.00,-170.00,153.00,n.d.,n.d.,n.d.,n.d.,n.d.,n.d.,"Rhizosolenia,Hemiaulus",0.00,,,,,,,,,,,
integral data shown in Table 1,qPCR,7/6/2014,10.00,-170.00,140.00,n.d.,n.d.,n.d.,n.d.,n.d.,n.d.,"Rhizosolenia,Hemiaulus",0.00,,,,,,,,,,,
,qPCR,7/7/2014,15.00,-170.00,170.00,79.10,4736.24,nan,4736.24,7004.15,n.d.,"Rhizosolenia,Hemiaulus",36.42,,,,,,,,,,,
,qPCR,7/9/2014,20.00,-170.00,144.00,591.96,7376.43,nan,7376.43,8402.11,0.70,"Rhizosolenia,Hemiaulus",22.62,,,,,,,,,,,
,qPCR,7/10/2014,24.00,-170.00,157.00,173.44,44805.82,nan,44805.82,468.84,3.12,"Rhizosolenia,Hemiaulus",25.86,,,,,,,,,,,
,qPCR,7/20/2014,30.00,-170.00,140.00,15.95,2211.65,nan,2211.65,n.d.,n.d.,"Rhizosolenia,Hemiaulus",14.04,,,,,,,,,,,
,qPCR,7/21/2014,35.00,-170.00,99.00,n.d.,n.d.,n.d.,n.d.,n.d.,n.d.,"Rhizosolenia,Hemiaulus",0.00,,,,,,,,,,,
,qPCR,7/23/2014,40.00,-170.00,119.00,n.d.,n.d.,n.d.,n.d.,n.d.,n.d.,"Rhizosolenia,Hemiaulus",0.00,,,,,,,,,,,
,qPCR,7/24/2014,45.00,-170.00,107.00,n.d.,n.d.,n.d.,n.d.,n.d.,n.d.,"Rhizosolenia,Hemiaulus",0.00,,,,,,,,,,,
,qPCR,7/25/2014,50.00,-170.00,104.00,n.d.,n.d.,n.d.,n.d.,0.00,n.d.,"Rhizosolenia,Hemiaulus",0.00,,,,,,,,,,,
,qPCR,7/26/2014,55.00,-170.00,60.00,n.d.,n.d.,n.d.,n.d.,n.d.,n.d.,"Rhizosolenia,Hemiaulus",0.00,,,,,,,,,,,
,qPCR,7/28/2014,60.00,-170.67,46.00,n.d.,n.d.,n.d.,n.d.,n.d.,0.00,"Rhizosolenia,Hemiaulus",0.00,,,,,,,,,,,
,qPCR,7/29/2014,64.25,-168.00,30.00,n.d.,n.d.,6100.00,6100.00,n.d.,n.d.,"Rhizosolenia,Hemiaulus",0.00,,,,,,,,,,,
,qPCR,7/30/2014,68.00,-168.00,35.00,n.d.,n.d.,n.d.,n.d.,n.d.,n.d.,"Rhizosolenia,Hemiaulus",0.00,,,,,,,,,,,
Shiozaki et al. 2018. GBC.,qPCR,12/23/2013,0.00,-170.00,104.00,0.00,n.d.,,n.d.,0.00,0.00,"Rhizosolenia,Hemiaulus",0.00,,,,,27.20,,5.53,0.50,,0.34,
,qPCR,12/26/2013,-10.00,-170.00,158.00,196.69,n.d.,,n.d.,0.00,0.00,"Rhizosolenia,Hemiaulus",0.00,,,,,30.00,,0.01,0.24,,0.06,
data shown in Data Set S1,qPCR,1/2/2014,-15.00,-170.00,175.00,0.00,n.d.,,n.d.,0.00,0.00,"Rhizosolenia,Hemiaulus",0.00,,,,,29.00,,0.01,0.21,,0.07,
,qPCR,1/4/2014,-20.00,-170.00,168.00,1112.88,4725.87,,4725.87,2788.67,0.00,"Rhizosolenia,Hemiaulus",18.46,,,,,27.80,,<0.003,0.13,,0.07,
,qPCR,1/7/2014,-25.00,-170.00,134.00,7166.50,17832.61,,17832.61,7128.30,0.00,"Rhizosolenia,Hemiaulus",26.60,,,,,26.30,,<0.003,0.03,,0.07,
,qPCR,1/9/2014,-30.00,-170.00,130.00,106.04,8501.77,,8501.77,0.00,0.00,"Rhizosolenia,Hemiaulus",3.80,,,,,24.00,,<0.003,0.03,,0.04,
,qPCR,1/11/2014,-35.00,-170.00,147.00,0.00,13556.47,,13556.47,0.00,0.00,"Rhizosolenia,Hemiaulus",17.58,,,,,21.90,,<0.003,0.08,,0.03,
,qPCR,1/13/2014,-40.00,-170.00,122.00,0.00,56.79,,56.79,0.00,0.00,"Rhizosolenia,Hemiaulus",0.00,,,,,19.80,,0.00,0.15,,0.06,
,qPCR,1/1/2012,0.00,-135.01,96.00,0.00,n.d.,,n.d.,0.00,0.00,"Rhizosolenia,Hemiaulus",0.00,,,,,24.20,,7.89,0.65,,0.29,
,qPCR,1/3/2012,-7.50,-127.51,115.00,0.00,n.d.,,n.d.,0.00,0.00,"Rhizosolenia,Hemiaulus",0.00,,,,,25.10,,7.88,0.61,,0.15,
,qPCR,1/5/2012,-15.00,-120.00,107.00,0.00,n.d.,,n.d.,0.00,0.00,"Rhizosolenia,Hemiaulus",0.00,,,,,25.50,,3.50,0.38,,0.12,
,qPCR,1/6/2012,-20.01,-120.00,140.00,0.00,n.d.,,n.d.,0.00,0.00,"Rhizosolenia,Hemiaulus",0.00,,,,,25.90,,0.21,0.20,,0.11,
,qPCR,1/7/2012,-23.00,-120.00,195.00,0.00,n.d.,,n.d.,0.00,0.00,"Rhizosolenia,Hemiaulus",0.00,,,,,25.40,,0.00,0.23,,0.07,
,qPCR,1/10/2012,-26.50,-120.00,215.00,0.00,13150.30,,13150.30,73.65,0.00,"Rhizosolenia,Hemiaulus",0.00,,,,,24.40,,<0.003,0.12,,0.02,
,qPCR,1/11/2012,-29.99,-120.00,168.00,0.00,3446.54,,3446.54,0.00,0.00,"Rhizosolenia,Hemiaulus",0.00,,,,,22.70,,<0.003,0.10,,0.02,
,qPCR,1/14/2012,-30.00,-107.00,195.00,0.00,871.69,,871.69,0.00,0.00,"Rhizosolenia,Hemiaulus",0.00,,,,,21.80,,<0.003,0.14,,0.02,
,qPCR,1/16/2012,-30.00,-100.00,171.00,0.00,n.d.,,n.d.,0.00,0.00,"Rhizosolenia,Hemiaulus",0.00,,,,,21.90,,<0.003,0.15,,0.03,
,qPCR,1/18/2012,-23.00,-100.00,205.00,0.00,n.d.,,n.d.,0.00,0.00,"Rhizosolenia,Hemiaulus",0.00,,,,,24.50,,0.01,0.29,,0.03,
,qPCR,1/20/2012,-20.00,-100.00,177.00,115.27,n.d.,,n.d.,0.00,0.00,"Rhizosolenia,Hemiaulus",0.00,,,,,24.30,,0.02,0.36,,0.01,
"Shiozaki et al, 2018. Limnology Oceanography",qPCR,9/6/2015,65.76,-168.75,29.20,,,4.11,4.11,,,,,,,,,7.40,31.70,2.51,0.75,,4.70,
,qPCR,9/7/2015,68.00,-168.78,35.00,,,5.37,5.37,,,,,,,,,4.60,32.49,16.71,1.63,,1.79,
data shown in Figure 5 and Supplementary Table 3,qPCR,9/7/2015,70.50,-168.75,30.00,,,42.44,42.44,,,,,,,,,4.90,31.98,0.20,0.61,,1.83,
,qPCR,9/8/2015,71.34,-157.66,27.80,,,24.48,24.48,,,,,,,,,4.90,31.73,1.42,0.83,,1.96,
,qPCR,9/11/2015,71.77,-155.33,28.70,,,37.09,37.09,,,,,,,,,5.40,30.78,0.94,0.69,,1.21,
,qPCR,9/14/2015,72.00,-154.76,63.70,,,11.78,11.78,,,,,,,,,2.30,27.64,0.10,0.49,,0.67,
,qPCR,9/14/2015,72.39,-155.40,60.00,,,7.28,7.28,,,,,,,,,1.40,26.63,0.18,0.51,,0.35,
,qPCR,9/15/2015,71.95,-158.00,39.70,,,23.08,23.08,,,,,,,,,4.40,31.37,0.90,0.69,,2.74,
,qPCR,9/16/2015,72.34,-155.39,51.80,,,13.47,13.47,,,,,,,,,1.40,26.82,#REF!,0.53,,0.48,
,qPCR,9/18/2015,72.47,-155.40,69.00,,,3.49,3.49,,,,,,,,,0.80,26.66,0.15,0.54,,0.29,
,qPCR,9/19/2015,72.38,-156.00,54.00,,,6.02,6.02,,,,,,,,,0.70,26.75,#REF!,0.55,,0.36,
,qPCR,9/20/2015,72.29,-156.03,45.00,,,31.89,31.89,,,,,,,,,0.50,27.18,#REF!,0.54,,0.53,
,qPCR,9/22/2015,71.83,-153.82,62.70,,,n.d.,n.d.,,,,,,,,,0.50,27.08,0.13,0.57,,0.27,
,qPCR,9/24/2015,72.17,-156.22,66.10,,,9.48,9.48,,,,,,,,,0.80,27.72,0.15,0.54,,0.82,
,qPCR,9/24/2015,73.21,-157.80,82.20,,,n.d.,n.d.,,,,,,,,,-0.20,25.49,0.20,0.52,,0.30,
,qPCR,9/25/2015,73.14,-162.30,71.30,,,n.d.,n.d.,,,,,,,,,1.20,31.10,0.46,0.59,,0.49,
,qPCR,9/26/2015,73.31,-160.78,71.60,,,4.17,4.17,,,,,,,,,0.20,27.34,0.17,0.56,,0.40,
,qPCR,9/27/2015,73.48,-160.14,90.20,,,2.27,2.27,,,,,,,,,0.10,25.90,0.18,0.52,,0.37,
,qPCR,9/28/2015,74.46,-166.64,87.30,,,n.d.,n.d.,,,,,,,,,-0.60,26.64,#REF!,0.51,,0.32,
,qPCR,9/29/2015,72.00,-168.75,37.10,,,1.89,1.89,,,,,,,,,2.30,31.77,0.47,0.59,,2.72,
,qPCR,10/3/2015,67.00,-168.75,35.20,,,n.d.,n.d.,,,,,,,,,3.70,32.80,25.12,2.31,,0.70,
Stenegren et al. 2018. Biogeosciences.,qPCR,2/22/2015,-18.00,159.90,105.00,75770.43,890.86,89.77,980.63,32623.65,nan,,3302.36,,,,,,,,,,,
,qPCR,2/23/2015,-18.62,162.12,105.00,5766.62,135.16,41.97,177.12,6673.88,9.25,,6587.57,,,,,,,,,,,
data shown in Figure 1 and Supplementary Table S3,qPCR,2/24/2015,-19.50,165.00,105.00,91772.77,8.47,nan,8.47,768.00,nan,,315.12,,,,,,,,,,,
,qPCR,2/26/2015,-19.21,164.69,105.00,36638.55,nan,nan,,11.37,nan,,33.60,,,,,,,,,,,
,qPCR,3/4/2015,-19.91,168.00,105.00,13586.72,253.40,94.02,347.42,110.56,8.75,,1233.44,,,,,,,,,,,
,qPCR,3/5/2015,-22.00,170.00,105.00,27158.74,23.46,3.35,26.81,520.77,nan,,393.12,,,,,,,,,,,
,qPCR,3/6/2015,-21.37,172.13,105.00,8765.40,1361.36,113.49,1474.85,57981.96,nan,,262.77,,,,,,,,,,,
,qPCR,3/7/2015,-20.73,174.27,119.00,7099.57,74.26,18.98,93.24,42753.92,nan,,773.43,,,,,,,,,,,
,qPCR,3/8/2015,-20.70,176.40,135.00,49686.91,5285.63,56.62,5342.25,6364.01,nan,,245.18,,,,,,,,,,,
,qPCR,3/9/2015,-20.97,178.64,131.00,0.00,365.96,61.34,427.30,11196.76,0.40,,1876.18,,,,,,,,,,,
,qPCR,3/10/2015,-20.45,-178.51,133.00,24363.22,123.29,9.93,133.22,683.06,nan,,536.82,,,,,,,,,,,
,qPCR,3/11/2015,-19.99,-175.67,135.00,12244.08,39.28,3.41,42.69,4555.37,nan,,260.40,,,,,,,,,,,
,qPCR,3/12/2015,-19.50,-172.80,128.00,19509.35,1037.39,169.49,1206.87,15214.44,nan,,44.77,,,,,,,,,,,
,qPCR,3/15/2015,-18.24,-170.86,82.00,18695.85,0.33,nan,0.33,66.42,nan,,107.20,,,,,,,,,,,
,qPCR,3/21/2015,-18.20,-169.07,85.00,774.98,nan,nan,,415.25,nan,,1.51,,,,,,,,,,,
,qPCR,3/23/2015,-18.43,-165.92,180.00,34.55,1486.98,3968.12,5455.10,27025.91,nan,,300.15,,,,,,,,,,,
,qPCR,3/29/2015,-18.41,-163.00,165.00,0.00,nan,nan,,15.91,nan,,6.96,,,,,,,,,,,
,qPCR,3/30/2015,-18.27,-160.00,174.00,0.00,nan,nan,,11.39,nan,,0.00,,,,,,,,,,,
" Angelicque E. White et al., (2018) doi:10.3389/fmars.2018.00027",qPCR,4/15/2015,22.75,-158.00,45.00,48.65,,,,,,"Heterocysts associated w/Rhizosolenia，heterocysts w/ Hemialus，Free Richelia ,Richelia Associated Chaetoceros, others",357.35,,,,,,,,,,,
,qPCR,5/15/2015,22.75,-158.00,45.00,34.16,,,,,,"Heterocysts associated w/Rhizosolenia，heterocysts w/ Hemialus，Free Richelia ,Richelia Associated Chaetoceros, others",200.79,,,,,,,,,,,
,qPCR,6/15/2015,22.75,-158.00,45.00,2315.57,,,,,,"Heterocysts associated w/Rhizosolenia，heterocysts w/ Hemialus，Free Richelia ,Richelia Associated Chaetoceros, others",426.47,,,,,,,,,,,
,qPCR,7/15/2015,22.75,-158.00,45.00,31391.01,,,,,,"Heterocysts associated w/Rhizosolenia，heterocysts w/ Hemialus，Free Richelia ,Richelia Associated Chaetoceros, others",5601.83,,,,,,,,,,,
,qPCR,8/15/2015,22.75,-158.00,45.00,10342.62,,,,,,"Heterocysts associated w/Rhizosolenia，heterocysts w/ Hemialus，Free Richelia ,Richelia Associated Chaetoceros, others",2450.25,,,,,,,,,,,
,qPCR,10/15/2015,22.75,-158.00,45.00,33220.40,,,,,,"Heterocysts associated w/Rhizosolenia，heterocysts w/ Hemialus，Free Richelia ,Richelia Associated Chaetoceros, others",4818.92,,,,,,,,,,,
,qPCR,11/15/2015,22.75,-158.00,45.00,65639.84,,,,,,"Heterocysts associated w/Rhizosolenia，heterocysts w/ Hemialus，Free Richelia ,Richelia Associated Chaetoceros, others",490.14,,,,,,,,,,,
,qPCR,12/15/2015,22.75,-158.00,45.00,7390.04,,,,,,"Heterocysts associated w/Rhizosolenia，heterocysts w/ Hemialus，Free Richelia ,Richelia Associated Chaetoceros, others",269.91,,,,,,,,,,,
,qPCR,1/16/2016,22.75,-158.00,45.00,4148.55,,,,,,"Heterocysts associated w/Rhizosolenia，heterocysts w/ Hemialus，Free Richelia ,Richelia Associated Chaetoceros, others",205.16,,,,,,,,,,,
,qPCR,2/16/2016,22.75,-158.00,45.00,81.05,,,,,,"Heterocysts associated w/Rhizosolenia，heterocysts w/ Hemialus，Free Richelia ,Richelia Associated Chaetoceros, others",196.92,,,,,,,,,,,
,qPCR,3/16/2016,22.75,-158.00,45.00,46.71,,,,,,"Heterocysts associated w/Rhizosolenia，heterocysts w/ Hemialus，Free Richelia ,Richelia Associated Chaetoceros, others",112.41,,,,,,,,,,,
,qPCR,4/16/2016,22.75,-158.00,45.00,26.69,,,,,,"Heterocysts associated w/Rhizosolenia，heterocysts w/ Hemialus，Free Richelia ,Richelia Associated Chaetoceros, others",248.67,,,,,,,,,,,
,qPCR,5/16/2016,22.75,-158.00,45.00,123.66,,,,,,"Heterocysts associated w/Rhizosolenia，heterocysts w/ Hemialus，Free Richelia ,Richelia Associated Chaetoceros, others",74.88,,,,,,,,,,,
,qPCR,7/16/2016,22.75,-158.00,45.00,376.83,,,,,,"Heterocysts associated w/Rhizosolenia，heterocysts w/ Hemialus，Free Richelia ,Richelia Associated Chaetoceros, others",388.71,,,,,,,,,,,
,qPCR,8/16/2016,22.75,-158.00,45.00,460.31,,,,,,"Heterocysts associated w/Rhizosolenia，heterocysts w/ Hemialus，Free Richelia ,Richelia Associated Chaetoceros, others",124.79,,,,,,,,,,,
,qPCR,10/16/2016,22.75,-158.00,45.00,2659.77,,,,,,"Heterocysts associated w/Rhizosolenia，heterocysts w/ Hemialus，Free Richelia ,Richelia Associated Chaetoceros, others",280.71,,,,,,,,,,,
, qPCR,11/16/2016,22.75,-158.00,45.00,190.49,,,,,,"Heterocysts associated w/Rhizosolenia，heterocysts w/ Hemialus，Free Richelia ,Richelia Associated Chaetoceros, others",6.66,,,,,,,,,,,
"Church et al, (2008), Limnol. Oceanogr, doi: 10.4319/lo.2008.53.1.0063",qPCR,3/15/2004,8.08,-158.27,150.00,0.00,,,43.00,16.00,,,nd,,,,,27.00,,1006000.00,,,36.00,2004 Feb
data come from Table 1.,qPCR,3/17/2004,10.78,-157.95,150.00,5.60,,,11.00,0.00,,,nd,,,,,26.20,,411100.00,,,32.00,2004 Feb
,qPCR,3/19/2004,12.70,-158.27,150.00,0.00,,,9.50,0.00,,Hemiaulus,85.00,,,,,26.20,,108000.00,,,,2004 Feb
,qPCR,3/21/2004,14.88,-158.11,150.00,31.00,,,1700.00,100.00,,Hemiaulus,63.00,,,,,25.40,,98000.00,,,28.00,2004 Feb
,qPCR,3/23/2004,18.97,-158.00,150.00,0.00,,,3500.00,62.00,,"Rhizosolenia,Hemiaulus",64.22,,,,,25.60,,0.00,,,36.00,2004 Feb
,qPCR,3/25/2004,20.25,-158.11,150.00,48.00,,,4400.00,5.00,,Hemiaulus,66.00,,,,,25.60,,0.00,,,24.00,2004 Feb
,qPCR,4/3/2003,23.63,-157.32,150.00,13.00,,,4300.00,64.00,,"Rhizosolenia,Hemiaulus",0.19,,,,,23.70,,9400.00,,,12.20,2003 Apr
,qPCR,10/5/2003,25.25,-156.85,150.00,320.00,,,320.00,3000.00,,"Rhizosolenia,Hemiaulus",1250.00,,,,,26.00,,41000.00,,,16.50,2003 Oct
,qPCR,4/5/2003,27.28,-156.85,150.00,9.80,,,5700.00,3.50,,"Rhizosolenia,Hemiaulus",0.14,,,,,21.60,,45000.00,,,10.60,2003 Apr
,qPCR,10/7/2003,29.87,-155.91,150.00,15.00,,,1100.00,120.00,,"Rhizosolenia,Hemiaulus",180.19,,,,,24.20,,95600.00,,,15.30,2003 Oct
,qPCR,4/7/2003,32.53,-156.06,150.00,0.00,,,0.00,0.00,,,nd,,,,,16.30,,168000.00,,,12.60,2003 Apr
,qPCR,4/8/2003,33.25,-155.91,150.00,0.00,,,17.00,2.20,,,nd,,,,,14.70,,218000.00,,,27.10,2003 Apr
,qPCR,10/8/2003,34.70,-154.96,150.00,0.00,,,2.80,0.00,,Hemiaulus,1.90,,,,,22.70,,277000.00,,,15.80,2003 Oct
,qPCR,4/9/2003,47.23,-151.66,150.00,0.00,,,0.00,0.00,,,nd,,,,,5.10,,2553000.00,,,25.20,2003 Apr
,qPCR,10/8/2003,47.63,-151.71,150.00,0.00,,,0.00,0.00,,,nd,,,,,13.10,,2358000.00,,,16.60,2003 Oct
"Deniz Bombar et al,. 2015, J. Plankton Res.,doi:10.1093/plankt/fbv049",qPCR,9/10/2011,24.61,-157.58,175.00,6.69,,,140.26,21.00,,"Rhizosolenia,Hemiaulus",0.05,,,,,,,,,,,
data come from Figure 6.,qPCR,9/11/2011,24.70,-157.43,175.00,3.78,,,101.10,18.42,,"Rhizosolenia,Hemiaulus",0.06,,,,,,,,,,,
,qPCR,9/12/2011,24.77,-157.28,175.00,30.64,,,72.87,3.15,,"Rhizosolenia,Hemiaulus",0.18,,,,,,,,,,,
,qPCR,9/13/2011,24.80,-157.17,175.00,30.64,,,40.42,0.39,,"Rhizosolenia,Hemiaulus",0.09,,,,,,,,,,,
,qPCR,9/16/2011,25.02,-157.51,175.00,5.90,,,149.75,22.42,,"Rhizosolenia,Hemiaulus",0.01,,,,,,,,,,,
,qPCR,9/17/2011,25.03,-157.57,175.00,9.19,,,194.58,14.18,,"Rhizosolenia,Hemiaulus",0.01,,,,,,,,,,,
,qPCR,9/18/2011,25.04,-157.66,175.00,7.60,,,63.93,2.58,,"Rhizosolenia,Hemiaulus",0.02,,,,,,,,,,,
,qPCR,9/19/2011,25.06,-157.78,175.00,13.44,,,56.08,1.03,,"Rhizosolenia,Hemiaulus",0.02,,,,,,,,,,,
" Andreas Krupke et al,(2013) elsevier, doi:http://dx.doi.org/10.1016/j.syapm.2013.02.002 ", qPCR ,12/9/2010,16.76,-25.12,60.00,0.00,,,3200.00,1129.80, , , ,,,, ,,,,,,,
"Jenni-Marie Ratten et al,.(2014), doi:org/10.1016/j.dsr2.2014.11.012", qPCR ,11/1/2011,31.86,-64.31,235.00,40.06,,,18.51,7.10,0.00," Rhizosolenia– Richelia symbionts, Hemiaulus– Richelia symbiont ",248.97,,,, ,,,,,,,
找不到数据来源, qPCR ,11/15/2011,17.57,-24.66,90.00,17010.50,,,6728.50,424.89,31.67," Rhizosolenia– Richelia symbionts, Hemiaulus– Richelia symbiont ",158.37,,,, ,,,,,,,
" Wu et al. 2019, doi: 10.1007/s00248-019-01355-1 ", qPCR ,3/9/2017,-4.00,96.33,200.00,34536.20,,, , , , , ,,,, ,,,,,,,
, qPCR ,3/12/2017,0.00,92.00,200.00,39646.66,,, ,4936.64, , , ,,,, ,,,,,,,
, qPCR ,3/13/2017,2.00,92.57,200.00,16891.45,,, ,11983.71, , , ,,,, ,,,,,,,
, qPCR ,3/14/2017,4.99,90.50,200.00,10499.71,,, ,885.32, , , ,,,, ,,,,,,,
, qPCR ,3/18/2017,0.00,88.00,200.00,1966.70,,, ,304.42, , , ,,,, ,,,,,,,
, qPCR ,3/19/2017,0.00,84.00,200.00,2614.78,,, ,2951.58, , , ,,,, ,,,,,,,
, qPCR ,4/4/2017,9.99,84.49,200.00,74419.98,,, ,11798.84, , , ,,,, ,,,,,,,
, qPCR ,4/5/2017,10.00,86.50,200.00,85677.66,,, ,790.14, , , ,,,, ,,,,,,,
, qPCR ,4/7/2017,9.25,89.13,100.00,45025.00,,, ,19416.00, , , ,,,, ,,,,,,,
, qPCR ,4/7/2017,10.00,87.99,200.00,3103079.19,,, ,39098.85, , , ,,,, ,,,,,,,
" Chen et al. 2019,doi: 10.1002/lno.11123 ", qPCR ,12/19/2015,0.00,137.00,30.00,4084.71,0.00,0.00,0.00,46.52,0.00," Rhizosolenia,Hemiaulus ",56.57,,,,0.00,,,,,,,
, qPCR ,12/22/2015,0.00,139.00,75.00,4668.31,0.00,0.00,0.00,154.40,15.94," Rhizosolenia,Hemiaulus ",295.62,,,,0.00,,,,,,,
, qPCR ,12/24/2015,0.00,142.00,100.00,345018.49,0.00,0.00,0.00,834.68,947.33," Rhizosolenia,Hemiaulus ",3103.05,,,,0.00,,,,,,,
, qPCR ,12/26/2015,0.00,145.00,75.00,4251.21,0.00,0.00,0.00,12.84,4.50," Rhizosolenia,Hemiaulus ",208.58,,,,0.00,,,,,,,
, qPCR ,12/28/2015,0.00,148.00,100.00,153.90,0.00,0.00,0.00,8.19,0.00," Rhizosolenia,Hemiaulus ",21.18,,,,0.00,,,,,,,
, qPCR ,12/30/2015,0.00,151.00,100.00,2663.03,0.00,0.00,0.00,0.00,0.00," Rhizosolenia,Hemiaulus ",21.12,,,,0.00,,,,,,,
, qPCR ,1/1/2016,0.00,153.00,100.00,118.73,0.00,0.00,0.00,1.29,0.00," Rhizosolenia,Hemiaulus ",9.13,,,,0.00,,,,,,,
, qPCR ,1/3/2016,0.00,156.00,100.00,210.91,0.00,0.00,0.00,0.00,0.00," Rhizosolenia,Hemiaulus ",6.02,,,,0.00,,,,,,,
, qPCR ,1/5/2016,0.00,159.00,75.00,20.45,0.00,0.00,0.00,0.00,0.00," Rhizosolenia,Hemiaulus ",0.00,,,,0.00,,,,,,,
, qPCR ,1/10/2016,1.00,143.00,100.00,777.13,0.00,0.00,0.00,8.20,0.00," Rhizosolenia,Hemiaulus ",1339.78,,,,0.00,,,,,,,
, qPCR ,1/13/2016,4.00,143.00,100.00,56.53,0.00,0.00,0.00,19.19,0.00," Rhizosolenia,Hemiaulus ",25.55,,,,0.00,,,,,,,
, qPCR ,1/16/2016,8.00,143.00,100.00,119.74,0.00,0.00,0.00,1486.12,2.46," Rhizosolenia,Hemiaulus ",133.09,,,,0.00,,,,,,,
, qPCR ,1/19/2016,11.00,143.00,100.00,18.01,0.00,0.00,0.00,57.75,2.38," Rhizosolenia,Hemiaulus ",27.35,,,,0.00,,,,,,,
, qPCR ,6/15/2015,18.00,110.50,55.00,53566.83,121.12,,121.12,27.78,264.60," Rhizosolenia,Hemiaulus ",32.38,,,,,,,,,,,
, qPCR ,7/2/2015,21.00,119.00,90.00,4557.53,219.10,,219.10,10.67,13.86," Rhizosolenia,Hemiaulus ",4.33,,,,,,,,,,,
, qPCR ,6/14/2015,18.00,110.00,44.00,4940.23,418.52,,418.52,10.86,155.39," Rhizosolenia,Hemiaulus ",15.19,,,,,,,,,,,
, qPCR ,6/24/2015,18.00,115.50,90.00,330.09,2388.06,118.96,2507.03,84.41,42.04," Rhizosolenia,Hemiaulus ",16.25,,,,19.06,,,,,,,
, qPCR ,6/18/2015,18.00,112.50,150.00,22265.08,12903.10,,12903.10,12.71,6.73," Rhizosolenia,Hemiaulus ",19.97,,,,,,,,,,,
, qPCR ,6/27/2015,20.00,118.00,90.00,4862.03,3.58,,3.58,5.20,7.43," Rhizosolenia,Hemiaulus ",15.80,,,,,,,,,,,
"Turk Kubo et al., 2014. Environmental Microbiology", qPCR ,2/1/2010,-20.00,-80.00,100.00,0.00,,,,0.00,0.00,,,,,,,,,,,,,
, qPCR ,2/3/2010,-20.00,-85.00,100.00,0.00,,,,0.00,0.00,,,,,,,,,,,,,
, qPCR ,2/3/2010,-20.00,-85.00,120.00,0.00,,,,0.00,0.00,,,,,,,,,,,,,
, qPCR ,2/5/2010,-20.00,-90.00,130.00,0.00,,,,0.00,0.00,,,,,,,,,,,,,
, qPCR ,2/9/2010,-20.00,-100.00,200.00,0.00,,,,0.00,0.00,,,,,,,,,,,,,
, qPCR ,2/12/2010,-15.00,-100.00,100.00,0.00,,,,0.00,0.00,Rhizosolenia and Hemiaulus,0.00,,,,,,,,,,,
, qPCR ,2/14/2010,-10.00,-100.00,100.00,0.00,,,,0.00,0.00,Rhizosolenia and Hemiaulus,0.00,,,,,,,,,,,
, qPCR ,2/17/2010,-10.00,-95.00,100.00,0.00,,,,0.00,0.00,,,,,,,,,,,,,
, qPCR ,2/19/2010,-10.00,-91.00,145.00,0.00,,,,0.00,0.00,,,,,,,,,,,,,
, qPCR ,2/21/2010,-10.00,-86.00,80.00,0.00,,,,0.00,0.00,,,,,,,,,,,,,
, qPCR ,2/25/2010,-10.00,-83.00,100.00,0.00,,,,0.00,0.00,,,,,,,,,,,,,
, qPCR ,4/16/2010,-20.00,-90.00,175.00,0.00,1000.00,,,0.00,0.00,Rhizosolenia and Hemiaulus,0.00,,,,0.00,,,,,,,
, qPCR ,4/11/2011,-20.00,-100.00,220.00,0.00,,,,0.00,0.00,Rhizosolenia and Hemiaulus,0.00,,,,0.00,,,,,,,
, qPCR ,4/6/2011,-10.00,-100.00,220.00,3.90,,,,0.00,0.00,Rhizosolenia and Hemiaulus,0.00,,,,0.00,,,,,,,
, qPCR ,4/2/2011,-10.00,-91.00,225.00,18.00,,,,0.00,0.00,Rhizosolenia and Hemiaulus,0.00,,,,0.00,,,,,,,
, qPCR ,3/20/2011,-10.00,-86.00,200.00,0.00,,,,0.00,0.00,Rhizosolenia and Hemiaulus,0.00,,,,0.00,,,,,,,
"Wen et al., 2022 DOI: 10.1126/sciadv.abl7564", qPCR ,6/28/2019,21.32,118.84,75.00,554.37,63.21,56.95,120.16,145.49,,,29.03,,,,,,,,,,,
, qPCR ,6/27/2019,20.33,114.82,130.00,723.00,1187.12,232.90,1420.02,358.28,,,89.06,,,,,,,,,,,
, qPCR ,6/25/2019,19.75,115.12,150.00,4372.90,12172.91,529.74,12702.65,584.67,,,75.14,,,,,,,,,,,
, qPCR ,6/24/2019,19.00,115.50,150.00,5441.77,7671.64,617.45,8289.10,959.95,,,123.42,,,,,,,,,,,
, qPCR ,6/20/2019,18.00,116.00,150.00,6291.82,1762.60,387.69,2150.29,396.90,,,69.30,,,,,,,,,,,
, qPCR ,6/19/2019,19.00,117.00,150.00,1405.85,26.43,54.90,81.34,61.16,,,32.32,,,,,,,,,,,
, qPCR ,6/18/2019,21.32,118.84,150.00,2356.77,6880.27,890.51,7770.79,5582.85,,,140.61,,,,,,,,,,,
, qPCR ,7/1/2019,21.83,119.10,150.00,4989.02,48.25,111.14,159.40,1042.45,,,160.95,,,,,,,,,,,
, qPCR ,4/27/2019,21.02,121.23,120.00,1512.16,52171.75,4415.23,56586.98,150515.76,,,319.45,,,,,,,,,,,
, qPCR ,5/2/2019,20.00,125.83,150.00,1781.03,40077.98,1695.18,41773.16,209774.93,,,274.60,,,,,,,,,,,
, qPCR ,5/4/2019,18.60,130.42,150.00,2058.24,88039.97,5111.53,93151.50,174024.46,,,227.24,,,,,,,,,,,
, qPCR ,5/20/2019,18.60,130.42,120.00,4110.11,46758.87,2639.07,49397.93,140170.24,,,211.48,,,,,,,,,,,
, qPCR ,5/21/2019,17.19,140.01,140.00,1135.37,22340.93,1265.52,23606.45,213724.30,,,107.67,,,,,,,,,,,
, qPCR ,5/24/2019,17.11,145.02,150.00,399.93,12173.54,1014.92,13188.46,190163.01,,,158.80,,,,,,,,,,,
, qPCR ,5/26/2019,14.18,150.00,160.00,37.08,59.39,40.82,100.22,8225.06,,,235.76,,,,,,,,,,,
, qPCR ,5/28/2019,10.99,154.97,145.00,34.49,82.40,38.22,120.62,267.51,,,28.23,,,,,,,,,,,
, qPCR ,5/31/2019,11.01,149.97,140.00,1236.10,20.46,53.86,74.32,55.14,,,46.38,,,,,,,,,,,
, qPCR ,6/2/2019,11.03,144.97,115.00,7.59,8.35,40.52,48.87,146.61,,,24.44,,,,,,,,,,,
, qPCR ,6/4/2019,11.02,139.79,120.00,7.03,8.95,48.92,57.88,61.55,,,37.24,,,,,,,,,,,
, qPCR ,6/6/2019,11.02,134.69,110.00,7.31,14.39,42.38,56.77,88.03,,,23.51,,,,,,,,,,,
, qPCR ,6/7/2019,11.00,129.96,100.00,90.66,43.54,40.64,84.17,1339.39,,,41.60,,,,,,,,,,,
, qPCR ,6/9/2019,15.50,127.77,125.00,2594.21,66416.04,5307.66,71723.70,274127.84,,,129.90,,,,,,,,,,,
"Sato et al, 2020 doi: 10.1029/2020JC017071 ", qPCR ,6/5/2018,42.52,139.70,65.00,,156.38,,,,,,,,,,,,,,,,,
, qPCR ,6/2/2018,44.50,144.33,72.00,,2041.89,,,,,,,,,,,,,,,,,
, qPCR ,6/4/2018,45.32,142.68,58.00,,2215.01,,,,,,,,,,,,,,,,,
"Liu et al., 2020 doi: 10.1016/j.rsma.2020.101106", qPCR ,5/13/2014,20.49,118.49,100.00,785.65,,,126.86,5739.78,,,,,,,,,,,,,,
, qPCR ,5/13/2014,20.49,117.00,100.00,3392.05,,,391.27,13889.17,,,,,,,,,,,,,,
, qPCR ,5/13/2014,20.49,116.50,100.00,1472.63,,,782.25,16945.83,,,,,,,,,,,,,,
, qPCR ,5/13/2014,20.50,116.50,100.00,190010.00,,,2626.25,3643.75,,,,,,,,,,,,,,
, qPCR ,5/14/2014,20.50,117.50,100.00,3070.63,,,986.72,1745.16,,,,,,,,,,,,,,
, qPCR ,5/14/2014,20.50,118.50,100.00,13573.75,,,784.69,1809.38,,,,,,,,,,,,,,
, qPCR ,8/5/2015,20.50,119.50,100.00,64027.19,,,2869.38,1764.06,,,,,,,,,,,,,,
, qPCR ,8/6/2015,20.50,120.50,100.00,50911.88,,,862.81,5915.63,,,,,,,,,,,,,,
, qPCR ,8/11/2015,20.50,117.50,100.00,896.50,,,233.40,4649.17,,,,,,,,,,,,,,
, qPCR ,8/11/2015,20.51,120.33,100.00,1960.75,,,234.75,3077.38,,,,,,,,,,,,,,
, qPCR ,8/12/2015,20.52,119.52,100.00,659.58,,,179.74,5337.50,,,,,,,,,,,,,,
"Hallstrom et al., 2022 doi: 10.1007/s10533-022-00940-w", qPCR ,7/14/2017,23.00,-16.80,30.00,0.00,0.02,187.37,187.39,,,,,,,,,,,,#REF!,,,
, qPCR ,7/15/2017,23.00,-18.50,DCM,0.00,1687.72,38.99,1726.70,,,,,,,,,,,,#REF!,,,
Integratal data come from figure 4b, qPCR ,7/16/2017,23.00,-19.31,60.00,0.00,4329.12,284.77,4613.90,,,,,,,,,,,,#REF!,,,
some date estimate from supplementary table, qPCR ,7/17/2017,23.00,-20.20,DCM,0.00,0.00,23.10,23.10,,,,,,,,,,,,#REF!,,,
, qPCR ,7/18/2017,23.00,-21.82,50.00,0.00,11104.53,230.99,11335.52,,,,,,,,,,,,#REF!,,,
, qPCR ,7/19/2017,23.00,-23.50,DCM,0.00,16877.18,533.70,17410.89,,,,,,,,,,,,#REF!,,,
, qPCR ,7/21/2017,23.00,-26.00,100.00,28.48,11104.53,1519.85,12624.37,,,,,,,,,,,,#REF!,,,
, qPCR ,7/22/2017,20.05,-26.00,DCM,0.00,2080.65,168.77,2249.43,,,,,,,,,,,,#REF!,,,
, qPCR ,7/24/2017,19.90,-26.00,80.00,0.00,13689.89,9.01,13698.90,,,,,,,,,,,,#REF!,,,
, qPCR ,7/29/2017,17.50,-25.26,65.00,12.33,90053.38,31.62,90085.00,,,,,,,,,,,,#REF!,,,
, qPCR ,7/31/2017,17.50,-23.03,60.00,0.00,23.10,0.00,23.10,,,,,,,,,,,,#REF!,,,
, qPCR ,8/2/2017,17.50,-20.80,34.00,208.07,0.00,151.98,151.98,,,,,,,,,,,,#REF!,,,
, qPCR ,8/4/2017,18.28,-18.57,DCM,4.33,0.00,11.10,11.10,,,,,,,,,,,,#REF!,,,
, qPCR ,8/6/2017,20.70,-18.57,21.00,0.00,0.00,0.00,0.00,,,,,,,,,,,,#REF!,,,
Church and Zehr (2020), qPCR ,11/29/2004,22.75,-158.00,175.00,1393.72,,,4320.31,1466.84,,"Rhizosolenia,Hemiaulus",471.48,,,,1.19,,,,,,,
"dataset shown in preprint Dugenne et al., 2021 doi:10.1101/2021.06.03.446955", qPCR ,12/22/2004,22.75,-158.00,175.00,361.46,,,7460.75,106.63,,"Rhizosolenia,Hemiaulus",168.56,,,,8.05,,,,,,,
doi: 10.5281/zenodo.4728253, qPCR ,2/4/2005,22.75,-158.00,175.00,41.84,,,5901.47,11.91,,"Rhizosolenia,Hemiaulus",308.72,,,,0.00,,,,,,,
, qPCR ,3/6/2005,22.75,-158.00,175.00,0.00,,,26012.07,477.39,,"Rhizosolenia,Hemiaulus",2091.98,,,,32.49,,,,,,,
, qPCR ,5/21/2005,22.75,-158.00,175.00,96.20,,,21786.36,335.59,,"Rhizosolenia,Hemiaulus",517.37,,,,12.29,,,,,,,
, qPCR ,6/18/2005,22.75,-158.00,175.00,31.85,,,3899.40,126.37,,"Rhizosolenia,Hemiaulus",170.93,,,,8.59,,,,,,,
, qPCR ,7/19/2005,22.75,-158.00,175.00,5371.89,,,3350.27,554.78,,"Rhizosolenia,Hemiaulus",1756.97,,,,15.97,,,,,,,
, qPCR ,8/16/2005,22.75,-158.00,175.00,4955.98,,,1294.01,4807.55,,"Rhizosolenia,Hemiaulus",528.52,,,,33.79,,,,,,,
, qPCR ,9/12/2005,22.75,-158.00,175.00,513.39,,,559.06,309.44,,"Rhizosolenia,Hemiaulus",13229.64,,,,8.09,,,,,,,
, qPCR ,10/11/2005,22.75,-158.00,175.00,276.76,,,56.24,67.37,,"Rhizosolenia,Hemiaulus",1.29,,,,0.90,,,,,,,
, qPCR ,11/19/2005,22.75,-158.00,175.00,575.11,,,30462.06,511.52,,"Rhizosolenia,Hemiaulus",514.64,,,,14.10,,,,,,,
, qPCR ,12/15/2005,22.75,-158.00,175.00,296.97,,,42576.67,411.67,,"Rhizosolenia,Hemiaulus",76.56,,,,32.01,,,,,,,
, qPCR ,1/28/2006,22.75,-158.00,175.00,2126.01,,,80845.85,102.92,,"Rhizosolenia,Hemiaulus",470.55,,,,68.37,,,,,,,
, qPCR ,2/17/2006,22.75,-158.00,175.00,458.33,,,38817.23,29.86,,"Rhizosolenia,Hemiaulus",501.28,,,,33.39,,,,,,,
, qPCR ,3/11/2006,22.75,-158.00,175.00,60.33,,,52127.46,132.34,,"Rhizosolenia,Hemiaulus",1641.37,,,,162.97,,,,,,,
, qPCR ,4/4/2006,22.75,-158.00,175.00,1863.13,,,31042.03,304.25,,"Rhizosolenia,Hemiaulus",23.17,,,,124.08,,,,,,,
, qPCR ,5/29/2006,22.75,-158.00,175.00,19.35,,,23489.82,44.36,,"Rhizosolenia,Hemiaulus",14.65,,,,12.32,,,,,,,
, qPCR ,6/16/2006,22.75,-158.00,175.00,346.40,,,19457.77,5234.67,,"Rhizosolenia,Hemiaulus",14.70,,,,10.18,,,,,,,
, qPCR ,7/15/2006,22.75,-158.00,175.00,2336.12,,,14879.05,2115.54,,"Rhizosolenia,Hemiaulus",680.51,,,,71.85,,,,,,,
, qPCR ,8/11/2006,22.75,-158.00,175.00,458.19,,,844.28,161.60,,"Rhizosolenia,Hemiaulus",997.76,,,,7.09,,,,,,,
, qPCR ,9/18/2006,22.75,-158.00,175.00,600.44,,,14860.43,3201.70,,"Rhizosolenia,Hemiaulus",0.00,,,,0.00,,,,,,,
, qPCR ,10/23/2006,22.75,-158.00,175.00,1469.01,,,1452.99,2315.17,,"Rhizosolenia,Hemiaulus",61.84,,,,0.00,,,,,,,
, qPCR ,11/11/2006,22.75,-158.00,175.00,1209.16,,,2058.15,408.32,,"Rhizosolenia,Hemiaulus",726.60,,,,366.08,,,,,,,
, qPCR ,12/12/2006,22.75,-158.00,175.00,1219.93,,,5151.22,1765.46,,"Rhizosolenia,Hemiaulus",896.62,,,,135.60,,,,,,,
, qPCR ,2/9/2007,22.75,-158.00,175.00,2391.88,,,10874.22,54.54,,"Rhizosolenia,Hemiaulus",197.49,,,,1.33,,,,,,,
, qPCR ,3/23/2007,22.75,-158.00,175.00,2020.50,,,96784.74,80.08,,"Rhizosolenia,Hemiaulus",79.07,,,,606.10,,,,,,,
, qPCR ,5/7/2007,22.75,-158.00,175.00,13044.74,,,95304.58,332.88,,"Rhizosolenia,Hemiaulus",1718.12,,,,111.77,,,,,,,
, qPCR ,6/12/2007,22.75,-158.00,175.00,2370.21,,,61283.02,658.59,,"Rhizosolenia,Hemiaulus",17.06,,,,703.04,,,,,,,
, qPCR ,7/10/2007,22.75,-158.00,175.00,5183.61,,,75001.57,1094.14,,"Rhizosolenia,Hemiaulus",125.73,,,,392.06,,,,,,,
, qPCR ,8/6/2007,22.75,-158.00,175.00,36256.18,,,35853.41,10337.25,,"Rhizosolenia,Hemiaulus",1.87,,,,7.71,,,,,,,
, qPCR ,9/5/2007,22.75,-158.00,175.00,90.22,,,2170.22,127.12,,"Rhizosolenia,Hemiaulus",16.68,,,,6.77,,,,,,,
, qPCR ,10/5/2007,22.75,-158.00,175.00,30412.47,,,17987.31,1638.90,,"Rhizosolenia,Hemiaulus",160.95,,,,199.10,,,,,,,
, qPCR ,12/4/2007,22.75,-158.00,175.00,517.36,,,4371.35,1224.37,,"Rhizosolenia,Hemiaulus",12.95,,,,24.34,,,,,,,
, qPCR ,12/23/2007,22.75,-158.00,175.00,405.62,,,8210.94,512.85,,"Rhizosolenia,Hemiaulus",97.92,,,,14.82,,,,,,,
, qPCR ,2/1/2008,22.75,-158.00,175.00,508.53,,,3957.73,68.61,,"Rhizosolenia,Hemiaulus",35.85,,,,83.70,,,,,,,
, qPCR ,2/26/2008,22.75,-158.00,175.00,251.19,,,16392.30,227.78,,"Rhizosolenia,Hemiaulus",54.99,,,,1166.13,,,,,,,
, qPCR ,5/30/2008,22.75,-158.00,175.00,19214.29,,,63516.68,2800.04,,"Rhizosolenia,Hemiaulus",44.31,,,,604.55,,,,,,,
, qPCR ,6/28/2008,22.75,-158.00,175.00,51.93,,,30978.02,4310.06,,"Rhizosolenia,Hemiaulus",512.16,,,,4898.52,,,,,,,
, qPCR ,7/29/2008,22.75,-158.00,175.00,5181.53,,,10481.99,1400.52,,"Rhizosolenia,Hemiaulus",229.46,,,,92507.67,,,,,,,
, qPCR ,8/19/2008,22.75,-158.00,175.00,16050.75,,,14203.84,1398.44,,"Rhizosolenia,Hemiaulus",109.18,,,,780.83,,,,,,,
, qPCR ,10/13/2008,22.75,-158.00,175.00,5796.81,,,496.55,3667.06,,"Rhizosolenia,Hemiaulus",45.29,,,,1041.18,,,,,,,
, qPCR ,12/3/2008,22.75,-158.00,175.00,8481.42,,,9824.04,858.42,,"Rhizosolenia,Hemiaulus",55.31,,,,7157.27,,,,,,,
, qPCR ,1/23/2009,22.75,-158.00,175.00,819.37,,,3377.75,39.23,,"Rhizosolenia,Hemiaulus",30.39,,,,648.95,,,,,,,
, qPCR ,2/20/2009,22.75,-158.00,175.00,239.69,,,23911.93,199.97,,"Rhizosolenia,Hemiaulus",188.48,,,,2908.38,,,,,,,
, qPCR ,5/1/2009,22.75,-158.00,175.00,25.51,,,47700.32,172.44,,"Rhizosolenia,Hemiaulus",11.50,,,,92.05,,,,,,,
, qPCR ,5/30/2009,22.75,-158.00,175.00,61.54,,,91942.57,249.64,,"Rhizosolenia,Hemiaulus",31.36,,,,74.77,,,,,,,
, qPCR ,7/6/2009,22.75,-158.00,175.00,570.66,,,39741.18,1038.55,,"Rhizosolenia,Hemiaulus",39.70,,,,379.28,,,,,,,
, qPCR ,7/27/2009,22.75,-158.00,175.00,2211.91,,,50749.55,10177.82,,"Rhizosolenia,Hemiaulus",108.24,,,,163.67,,,,,,,
, qPCR ,8/21/2009,22.75,-158.00,175.00,2352.07,,,8324.78,3618.33,,"Rhizosolenia,Hemiaulus",127.17,,,,173.68,,,,,,,
, qPCR ,9/27/2009,22.75,-158.00,175.00,2054.60,,,13218.65,22271.55,,"Rhizosolenia,Hemiaulus",52.04,,,,25.44,,,,,,,
, qPCR ,11/6/2009,22.75,-158.00,175.00,16.59,,,3612.36,30.12,,"Rhizosolenia,Hemiaulus",2.36,,,,1.59,,,,,,,
, qPCR ,12/12/2009,22.75,-158.00,175.00,5156.50,,,20730.76,974.02,,"Rhizosolenia,Hemiaulus",36.07,,,,13.67,,,,,,,
, qPCR ,3/12/2010,22.75,-158.00,175.00,1919.75,,,25036.47,637.08,,"Rhizosolenia,Hemiaulus",87.28,,,,19.56,,,,,,,
, qPCR ,4/9/2010,22.75,-158.00,175.00,461.75,,,40793.53,423.46,,"Rhizosolenia,Hemiaulus",60.13,,,,15.52,,,,,,,
, qPCR ,5/21/2010,22.75,-158.00,175.00,682.97,,,47933.56,99.39,,"Rhizosolenia,Hemiaulus",34.12,,,,47.91,,,,,,,
, qPCR ,6/11/2010,22.75,-158.00,175.00,849.12,,,22918.93,43.06,,"Rhizosolenia,Hemiaulus",115.47,,,,15.14,,,,,,,
, qPCR ,7/11/2010,22.75,-158.00,175.00,411.81,,,8544.85,676.08,,"Rhizosolenia,Hemiaulus",136.24,,,,106.94,,,,,,,
, qPCR ,8/10/2010,22.75,-158.00,175.00,25063.41,,,37163.94,21726.70,,"Rhizosolenia,Hemiaulus",351.21,,,,316.88,,,,,,,
, qPCR ,9/6/2010,22.75,-158.00,175.00,1399.76,,,9390.93,2520.17,,"Rhizosolenia,Hemiaulus",21.75,,,,32.69,,,,,,,
, qPCR ,10/6/2010,22.75,-158.00,175.00,660.34,,,9826.72,31816.47,,"Rhizosolenia,Hemiaulus",4.99,,,,5.95,,,,,,,
, qPCR ,11/23/2010,22.75,-158.00,175.00,297.84,,,5529.64,465.02,,"Rhizosolenia,Hemiaulus",19.57,,,,2.41,,,,,,,
, qPCR ,1/31/2011,22.75,-158.00,175.00,304.31,,,79194.30,332.53,,"Rhizosolenia,Hemiaulus",112.56,,,,181.50,,,,,,,
, qPCR ,3/3/2011,22.75,-158.00,175.00,1449.57,,,22156.71,238.62,,"Rhizosolenia,Hemiaulus",12.69,,,,7.05,,,,,,,
, qPCR ,4/14/2011,22.75,-158.00,175.00,758.01,,,23183.05,159.27,,"Rhizosolenia,Hemiaulus",31.97,,,,2.98,,,,,,,
, qPCR ,5/12/2011,22.75,-158.00,175.00,252.46,,,11854.49,101.57,,"Rhizosolenia,Hemiaulus",46.94,,,,13.17,,,,,,,
, qPCR ,7/22/2011,22.75,-158.00,175.00,1049.97,,,13517.32,2140.25,,"Rhizosolenia,Hemiaulus",121.41,,,,43.17,,,,,,,
, qPCR ,9/1/2011,22.75,-158.00,175.00,1353.70,,,1410.95,5376.01,,"Rhizosolenia,Hemiaulus",94.52,,,,47.01,,,,,,,
, qPCR ,9/28/2011,22.75,-158.00,175.00,381.88,,,1967.77,8053.85,,"Rhizosolenia,Hemiaulus",74.32,,,,12.33,,,,,,,
, qPCR ,11/7/2011,22.75,-158.00,175.00,541.14,,,4003.64,3504.83,,"Rhizosolenia,Hemiaulus",45.88,,,,16.85,,,,,,,
, qPCR ,12/1/2011,22.75,-158.00,175.00,194.19,,,596.77,91.95,,"Rhizosolenia,Hemiaulus",18.48,,,,3.03,,,,,,,
, qPCR ,12/22/2011,22.75,-158.00,175.00,16.29,,,554.97,66.44,,"Rhizosolenia,Hemiaulus",7.95,,,,0.60,,,,,,,
, qPCR ,1/21/2012,22.75,-158.00,175.00,1.48,,,2985.14,11.38,,"Rhizosolenia,Hemiaulus",5.89,,,,2.89,,,,,,,
, qPCR ,3/28/2012,22.75,-158.00,175.00,3.10,,,68066.02,913.87,,"Rhizosolenia,Hemiaulus",196.98,,,,24.95,,,,,,,
, qPCR ,5/4/2012,22.75,-158.00,175.00,55.98,,,33900.81,643.47,,"Rhizosolenia,Hemiaulus",427.82,,,,381.42,,,,,,,
, qPCR ,6/2/2012,22.75,-158.00,175.00,51.42,,,44753.29,5239.97,,"Rhizosolenia,Hemiaulus",607.00,,,,1386.99,,,,,,,
, qPCR ,6/29/2012,22.75,-158.00,175.00,330.87,,,35648.46,20997.94,,"Rhizosolenia,Hemiaulus",1153.67,,,,575.43,,,,,,,
, qPCR ,8/3/2012,22.75,-158.00,175.00,302.41,,,20806.11,21779.70,,"Rhizosolenia,Hemiaulus",500.76,,,,550.80,,,,,,,
, qPCR ,8/20/2012,22.75,-158.00,175.00,623.71,,,28980.52,25751.75,,"Rhizosolenia,Hemiaulus",252.82,,,,130.14,,,,,,,
, qPCR ,9/17/2012,22.75,-158.00,175.00,296.80,,,52836.48,465.99,,"Rhizosolenia,Hemiaulus",80.08,,,,1.57,,,,,,,
, qPCR ,10/10/2012,22.75,-158.00,175.00,51.39,,,46124.27,2050.40,,"Rhizosolenia,Hemiaulus",156.07,,,,1.39,,,,,,,
, qPCR ,12/6/2012,22.75,-158.00,175.00,21.44,,,77110.90,1281.51,,"Rhizosolenia,Hemiaulus",225.81,,,,11.38,,,,,,,
, qPCR ,2/15/2013,22.75,-158.00,175.00,4.60,,,123130.55,91.95,,"Rhizosolenia,Hemiaulus",221.52,,,,0.00,,,,,,,
, qPCR ,4/8/2013,22.75,-158.00,175.00,1.85,,,23430.05,196.45,,"Rhizosolenia,Hemiaulus",254.74,,,,13.31,,,,,,,
, qPCR ,5/20/2013,22.75,-158.00,175.00,79.15,,,21733.99,509.69,,"Rhizosolenia,Hemiaulus",213.05,,,,14.74,,,,,,,
, qPCR ,6/29/2013,22.75,-158.00,175.00,3044.23,,,15227.70,5537.25,,"Rhizosolenia,Hemiaulus",2131.63,,,,173.11,,,,,,,
, qPCR ,9/14/2013,22.75,-158.00,175.00,2272.05,,,11158.36,12377.09,,"Rhizosolenia,Hemiaulus",957.18,,,,18.87,,,,,,,
, qPCR ,10/4/2013,22.75,-158.00,175.00,2281.66,,,3263.55,1640.79,,"Rhizosolenia,Hemiaulus",185.93,,,,9.08,,,,,,,
, qPCR ,10/30/2013,22.75,-158.00,175.00,2434.42,,,4369.43,4575.42,,"Rhizosolenia,Hemiaulus",344.88,,,,44.52,,,,,,,
, qPCR ,11/29/2013,22.75,-158.00,175.00,3434.44,,,8648.95,14010.67,,"Rhizosolenia,Hemiaulus",463.35,,,,25.07,,,,,,,
, qPCR ,12/23/2013,22.75,-158.00,175.00,4399.15,,,9891.00,1807.12,,"Rhizosolenia,Hemiaulus",157.51,,,,2.86,,,,,,,
, qPCR ,1/18/2014,22.75,-158.00,175.00,37.97,,,18902.64,766.27,,"Rhizosolenia,Hemiaulus",247.34,,,,11.65,,,,,,,
, qPCR ,2/17/2014,22.75,-158.00,175.00,630.93,,,24240.66,653.61,,"Rhizosolenia,Hemiaulus",131.49,,,,10.35,,,,,,,
, qPCR ,3/8/2014,22.75,-158.00,175.00,592.43,,,16222.79,1357.44,,"Rhizosolenia,Hemiaulus",463.61,,,,81.69,,,,,,,
, qPCR ,4/13/2014,22.75,-158.00,175.00,177.33,,,5152.73,972.59,,"Rhizosolenia,Hemiaulus",420.64,,,,52.73,,,,,,,
, qPCR ,6/3/2014,22.75,-158.00,175.00,127.62,,,14558.81,864.70,,"Rhizosolenia,Hemiaulus",80.61,,,,29.60,,,,,,,
, qPCR ,7/3/2014,22.75,-158.00,175.00,552.45,,,8077.45,3905.29,,"Rhizosolenia,Hemiaulus",653.46,,,,56.07,,,,,,,
, qPCR ,9/17/2014,22.75,-158.00,175.00,55650.56,,,10639.85,152377.92,,"Rhizosolenia,Hemiaulus",494.30,,,,51.48,,,,,,,
, qPCR ,10/16/2014,22.75,-158.00,175.00,99490.11,,,9037.63,607258.35,,"Rhizosolenia,Hemiaulus",5617.54,,,,166.92,,,,,,,
, qPCR ,11/24/2014,22.75,-158.00,175.00,51706.04,,,251.81,224931.13,,"Rhizosolenia,Hemiaulus",1817.97,,,,76.99,,,,,,,
, qPCR ,12/20/2014,22.75,-158.00,175.00,6200.09,,,1989.26,9651.59,,"Rhizosolenia,Hemiaulus",1385.05,,,,66.22,,,,,,,
, qPCR ,2/28/2015,22.75,-158.00,175.00,66.85,,,151290.35,87.97,,"Rhizosolenia,Hemiaulus",428.16,,,,276.29,,,,,,,
, qPCR ,4/1/2015,22.75,-158.00,175.00,187.51,,,61181.28,745.83,,"Rhizosolenia,Hemiaulus",544.95,,,,261.10,,,,,,,
, qPCR ,4/25/2015,22.75,-158.00,175.00,58.57,,,139078.88,1110.84,,"Rhizosolenia,Hemiaulus",270.85,,,,40.33,,,,,,,
, qPCR ,5/27/2015,22.75,-158.00,175.00,41.61,,,217865.37,1979.62,,"Rhizosolenia,Hemiaulus",149.97,,,,81.22,,,,,,,
, qPCR ,6/23/2015,22.75,-158.00,175.00,5248.67,,,135371.40,4027.18,,"Rhizosolenia,Hemiaulus",256.98,,,,135.99,,,,,,,
, qPCR ,7/23/2015,22.75,-158.00,175.00,33814.54,,,35270.09,36138.34,,"Rhizosolenia,Hemiaulus",3267.02,,,,303.70,,,,,,,
, qPCR ,8/16/2015,22.75,-158.00,175.00,14450.31,,,14248.98,17168.46,,"Rhizosolenia,Hemiaulus",2444.59,,,,713.77,,,,,,,
, qPCR ,10/17/2015,22.75,-158.00,175.00,45107.72,,,1216.76,14100.93,,"Rhizosolenia,Hemiaulus",3292.18,,,,107.01,,,,,,,
, qPCR ,11/17/2015,22.75,-158.00,175.00,107086.21,,,11646.73,5837.17,,"Rhizosolenia,Hemiaulus",678.08,,,,132.24,,,,,,,
, qPCR ,12/12/2015,22.75,-158.00,175.00,9120.47,,,7194.85,4562.64,,"Rhizosolenia,Hemiaulus",204.38,,,,0.00,,,,,,,
, qPCR ,1/16/2016,22.75,-158.00,175.00,5403.03,,,17334.49,3090.63,,"Rhizosolenia,Hemiaulus",155.19,,,,46.82,,,,,,,
, qPCR ,2/13/2016,22.75,-158.00,175.00,218.08,,,16955.48,2307.08,,"Rhizosolenia,Hemiaulus",215.89,,,,412.87,,,,,,,
, qPCR ,3/12/2016,22.75,-158.00,175.00,52.63,,,14527.08,1384.21,,"Rhizosolenia,Hemiaulus",128.93,,,,195.47,,,,,,,
, qPCR ,4/18/2016,22.75,-158.00,175.00,36.69,,,7808.06,604.15,,"Rhizosolenia,Hemiaulus",192.38,,,,74.89,,,,,,,
, qPCR ,6/1/2016,22.75,-158.00,175.00,263.42,,,9017.01,1863.91,,"Rhizosolenia,Hemiaulus",66.70,,,,59.26,,,,,,,
, qPCR ,7/15/2016,22.75,-158.00,175.00,815.71,,,9432.41,10144.59,,"Rhizosolenia,Hemiaulus",341.63,,,,76.96,,,,,,,
, qPCR ,8/13/2016,22.75,-158.00,175.00,693.50,,,4513.69,5677.46,,"Rhizosolenia,Hemiaulus",82.50,,,,21.73,,,,,,,
, qPCR ,10/19/2016,22.75,-158.00,175.00,3434.85,,,1807.26,7494.83,,"Rhizosolenia,Hemiaulus",171.72,,,,20.46,,,,,,,
, qPCR ,11/30/2016,22.75,-158.00,175.00,265.01,,,829.46,528.65,,"Rhizosolenia,Hemiaulus",7.64,,,,0.15,,,,,,,
, qPCR ,1/27/2017,22.75,-158.00,175.00,246.48,,,5576.00,1224.87,,"Rhizosolenia,Hemiaulus",464.04,,,,572.59,,,,,,,
, qPCR ,2/26/2017,22.75,-158.00,175.00,23.80,,,7054.09,490.23,,"Rhizosolenia,Hemiaulus",94.53,,,,171.24,,,,,,,
Detoni et al. (2022),qPCR,2017 feburary 2-17,-20.66,-32.88,250.00,0.86,,,156.50,4064.86,,"Rhizosolenia,Hemiaulus",97.45,,,,,,,,,,,
doi: 10.3389/fmars.2022.856643,qPCR,2017 feburary 2-17,-20.66,-31.62,200.00,0.00,,,163.20,10484.33,,"Rhizosolenia,Hemiaulus",1738.68,,,,,,,,,,,
,qPCR,2017 feburary 2-17,-20.66,-34.75,58.00,818.24,,,16.58,9816.82,,"Rhizosolenia,Hemiaulus",47.60,,,,,,,,,,,
,qPCR,2017 feburary 2-17,-20.64,-32.21,200.00,155.56,,,391.22,9173.70,,"Rhizosolenia,Hemiaulus",310.01,,,,,,,,,,,
,qPCR,2017 feburary 2-17,-20.64,-29.92,250.00,1.81,,,495.50,12003.03,,"Rhizosolenia,Hemiaulus",296.81,,,,,,,,,,,
,qPCR,2017 feburary 2-17,-20.64,-33.48,250.00,25.68,,,787.24,25381.24,,"Rhizosolenia,Hemiaulus",2224.16,,,,,,,,,,,
,qPCR,2017 feburary 2-17,-20.63,-30.81,205.00,177.42,,,156.26,7210.00,,"Rhizosolenia,Hemiaulus",918.89,,,,,,,,,,,
,qPCR,2017 feburary 2-17,-20.63,-34.20,200.00,281.81,,,166.10,1754.18,,"Rhizosolenia,Hemiaulus",103.90,,,,,,,,,,,
,qPCR,2017 feburary 2-17,-20.63,-28.31,200.00,44.37,,,805.50,11275.66,,"Rhizosolenia,Hemiaulus",240.79,,,,,,,,,,,
,qPCR,2017 feburary 2-17,-20.61,-29.22,200.00,196.31,,,1002.99,2180.05,,"Rhizosolenia,Hemiaulus",229.83,,,,,,,,,,,
,qPCR,2017 feburary 2-17,-20.57,-35.36,180.00,69.69,,,777.79,236.21,,"Rhizosolenia,Hemiaulus",226.90,,,,,,,,,,,
,qPCR,2017 feburary 2-17,-20.54,-37.23,64.00,2493.68,,,10.33,8629.04,,"Rhizosolenia,Hemiaulus",26.77,,,,,,,,,,,
,qPCR,2017 feburary 2-17,-20.50,-38.14,60.00,440.63,,,98.59,1486.08,,"Rhizosolenia,Hemiaulus",29.42,,,,,,,,,,,
,qPCR,2017 feburary 2-17,-20.47,-35.99,55.00,78.73,,,9.00,493.02,,"Rhizosolenia,Hemiaulus",16.94,,,,,,,,,,,
,qPCR,2017 feburary 2-17,-20.35,-36.68,64.00,844.48,,,238.79,406.62,,"Rhizosolenia,Hemiaulus",72.12,,,,,,,,,,,
,qPCR,2017 feburary 2-17,-20.31,-38.13,141.00,2463.79,,,6.58,692.48,,"Rhizosolenia,Hemiaulus",40.98,,,,,,,,,,,
,qPCR,2017 feburary 2-17,-20.19,-37.65,154.00,11082.43,,,0.00,1717.77,,"Rhizosolenia,Hemiaulus",48.84,,,,,,,,,,,
,qPCR,2017 feburary 2-17,-20.06,-38.13,70.00,2546.50,,,141.45,5252.06,,"Rhizosolenia,Hemiaulus",77.96,,,,,,,,,,,
Sato et al. (2022) doi: 10.1029/2022JG007104,qPCR,12/22/2018,-24.01,111.02,115.99,823.15,12.05,,12.05,,,,,,,,,,,,,,,
,qPCR,12/24/2018,-23.40,109.00,126.92,737.55,12.29,,12.29,,,,,,,,,,,,,,,
data from supplementary table,qPCR,12/21/2018,-22.00,111.25,138.89,8.39,18.85,,18.85,,,,,,,,,,,,,,,
,qPCR,12/19/2018,-20.00,111.50,122.12,23.73,17.62,,17.62,,,,,,,,,,,,,,,
,qPCR,11/26/2018,-19.99,88.00,159.53,0.00,0.00,,0.00,,,,,,,,,,,,,,,
,qPCR,12/17/2018,-16.00,112.00,133.84,0.00,9.24,,9.24,,,,,,,,,,,,,,,
,qPCR,11/28/2018,-15.00,87.99,150.46,0.00,0.00,,0.00,,,,,,,,,,,,,,,
,qPCR,12/11/2018,-15.00,108.50,134.75,0.00,6.31,,6.31,,,,,,,,,,,,,,,
,qPCR,12/9/2018,-12.00,107.12,109.24,14.05,0.00,,0.00,,,,,,,,,,,,,,,
,qPCR,12/13/2018,-12.00,112.50,127.52,0.00,7.29,,7.29,,,,,,,,,,,,,,,
,qPCR,11/23/2018,-10.00,88.00,120.77,0.00,0.00,,0.00,,,,,,,,,,,,,,,
,qPCR,12/7/2018,-8.99,105.74,112.59,16.98,0.00,,0.00,,,,,,,,,,,,,,,
,qPCR,11/20/2018,-5.00,88.01,99.13,0.00,5.98,,5.98,,,,,,,,,,,,,,,
,qPCR,11/18/2018,0.00,88.01,132.06,0.00,1.86,,1.86,,,,,,,,,,,,,,,
,qPCR,11/15/2018,4.99,88.00,114.28,0.00,0.00,,0.00,,,,,,,,,,,,,,,
,qPCR,11/12/2018,9.93,88.00,89.59,111.84,42.42,,42.42,,,,,,,,,,,,,,,
,qPCR,11/10/2018,15.00,88.00,93.50,10.22,19.82,,19.82,,,,,,,,,,,,,,,
,qPCR,11/9/2018,16.46,88.05,82.00,4504.71,17.41,,17.41,,,,,,,,,,,,,,,
Turk-Kubo et al. (2021),qPCR,5/5/2017,28.29,-115.91,200.00,0.00,1310.26,3.94,1314.20,0.00,,Hemiaulus ,0.00,,,,,,,,,,,
doi:10.1038/s43705-021-00039-7,qPCR,10/11/2017,28.29,-115.91,200.00,277.38,65054.22,1143.04,66197.26,17.82,,Hemiaulus ,42.46,,,,,,,,,,,
,qPCR,5/5/2017,28.63,-115.26,185.00,0.00,7.59,0.00,7.59,0.00,,Hemiaulus ,0.00,,,,,,,,,,,
,qPCR,10/6/2017,28.63,-115.26,177.00,3.08,83104.60,7781.78,90886.38,3.00,,Hemiaulus ,22.92,,,,,,,,,,,
,qPCR,5/5/2017,28.80,-114.93,97.00,0.00,3.12,0.00,3.12,0.00,,Hemiaulus ,0.00,,,,,,,,,,,
,qPCR,10/7/2017,28.80,-114.93,88.00,33.68,41578.83,636.40,42215.23,0.00,,Hemiaulus ,0.00,,,,,,,,,,,
,qPCR,5/6/2017,29.69,-117.69,200.00,0.00,33075.01,0.00,33075.01,0.96,,Hemiaulus ,0.00,,,,,,,,,,,
,qPCR,10/8/2017,29.69,-117.69,200.00,0.00,66601.27,2895.97,69497.24,0.00,,Hemiaulus ,103.64,,,,,,,,,,,
,qPCR,5/6/2017,30.02,-117.03,200.00,0.00,1663.74,17.98,1681.72,0.00,,Hemiaulus ,0.00,,,,,,,,,,,
,qPCR,10/8/2017,30.02,-117.03,200.00,29.25,13350.95,1606.73,14957.67,0.00,,Hemiaulus ,61.36,,,,,,,,,,,
,qPCR,5/6/2017,30.19,-116.69,200.00,0.00,3.40,1.00,4.40,0.00,,Hemiaulus ,0.00,,,,,,,,,,,
,qPCR,10/8/2017,30.19,-116.69,200.00,0.00,28032.95,1091.10,29124.05,0.00,,Hemiaulus ,88.11,,,,,,,,,,,
,qPCR,5/6/2017,30.36,-116.36,200.00,0.00,5.82,22395.76,22401.59,0.00,,Hemiaulus ,0.00,,,,,,,,,,,
,qPCR,10/7/2017,30.36,-116.36,200.00,0.00,101340.56,2918.91,104259.47,1.82,,Hemiaulus ,0.00,,,,,,,,,,,
,qPCR,5/8/2017,31.51,-120.24,200.00,0.00,0.00,1.25,1.25,0.00,,Hemiaulus ,0.00,,,,,,,,,,,
,qPCR,10/9/2017,31.51,-120.24,200.00,4.01,3917.24,132.14,4049.38,0.00,,Hemiaulus ,107.54,,,,,,,,,,,
,qPCR,10/10/2017,31.70,-119.41,200.00,72.02,53273.64,15628.09,68901.73,0.00,,Hemiaulus ,389.38,,,,,,,,,,,
,qPCR,5/8/2017,31.85,-119.58,200.00,0.00,0.00,8.00,8.00,1.68,,Hemiaulus ,0.00,,,,,,,,,,,
,qPCR,10/9/2017,31.85,-119.58,200.00,6.74,2368.10,135.87,2503.97,0.00,,Hemiaulus ,89.77,,,,,,,,,,,
,qPCR,5/9/2017,32.18,-118.90,150.00,0.00,5.98,30.12,36.10,0.00,,Hemiaulus ,0.00,,,,,,,,,,,
,qPCR,10/10/2017,32.18,-118.90,200.00,7.41,13947.30,5139.79,19087.09,0.00,,Hemiaulus ,470.53,,,,,,,,,,,
,qPCR,5/9/2017,32.51,-118.21,200.00,0.00,16897.54,2640.35,19537.89,0.00,,Hemiaulus ,0.00,,,,,,,,,,,
,qPCR,10/5/2017,32.51,-118.21,200.00,0.00,98092.14,41.37,98133.50,0.00,,Hemiaulus ,21.12,,,,,,,,,,,
,qPCR,5/9/2017,32.84,-117.54,200.00,0.00,5775.90,3241.53,9005.07,0.00,,Hemiaulus ,0.00,,,,,,,,,,,
,qPCR,5/3/2017,32.85,-117.53,200.00,0.00,768.66,83.37,852.03,0.00,,Hemiaulus ,0.00,,,,,,,,,,,
,qPCR,10/4/2017,32.85,-117.53,200.00,0.00,70013.49,2068.54,72082.03,0.00,,Hemiaulus ,663.16,,,,,,,,,,,
,qPCR,10/10/2017,33.56,-119.84,200.00,30.16,1124.92,547.16,1672.08,0.00,,Hemiaulus ,85.35,,,,,,,,,,,
Bonnet et al. (2015),qPCR,2012 september,-21.64,164.51,90.00,0.00,,,4791.41,0.00,," Rhizosolenia,Hemiaulus ",7.22,,,,,,,,,,,
 doi: https://doi.org/10.1002/2015gb005117,qPCR,2012 september,-20.99,163.11,95.00,0.00,,,24395.52,0.00,," Rhizosolenia,Hemiaulus ",0.00,,,,,,,,,,,
,qPCR,2012 september,-20.32,161.73,65.00,0.00,,,9629.47,2.55,," Rhizosolenia,Hemiaulus ",0.00,,,,,,,,,,,
Data shown in Fig. 5,qPCR,2012 september,-18.81,152.29,140.00,0.00,,,100.60,0.00,," Rhizosolenia,Hemiaulus ",0.00,,,,,,,,,,,
,qPCR,2012 september,-18.17,157.19,160.00,62.83,,,1010.29,0.00,," Rhizosolenia,Hemiaulus ",17.82,,,,,,,,,,,
,qPCR,2012 september,-17.07,152.28,85.00,0.00,,,2.42,0.00,," Rhizosolenia,Hemiaulus ",0.00,,,,,,,,,,,
,qPCR,2012 June-July,-16.00,163.00,100.90,14.09,,,860.57,348.04,," Rhizosolenia,Hemiaulus ",0.00,,,,,,,,,,,
,qPCR,2012 June-July,-14.00,163.00,101.40,21.39,,,0.00,0.00,," Rhizosolenia,Hemiaulus ",293.12,,,,,,,,,,,
,qPCR,2012 June-July,-11.37,155.00,99.40,20455.66,,,0.00,50.43,," Rhizosolenia,Hemiaulus ",3.70,,,,,,,,,,,
,qPCR,2012 June-July,-11.06,156.22,101.50,32.33,,,0.00,0.00,," Rhizosolenia,Hemiaulus ",22.94,,,,,,,,,,,
,qPCR,2012 June-July,-11.00,163.00,100.20,751.20,,,0.00,4153.21,," Rhizosolenia,Hemiaulus ",4.67,,,,,,,,,,,
,qPCR,2012 June-July,-10.31,159.18,101.80,41008.25,,,0.00,38.76,," Rhizosolenia,Hemiaulus ",,,,,,,,,,,,
,qPCR,2012 June-July,-10.01,160.36,101.40,1851.92,,,0.00,6.96,," Rhizosolenia,Hemiaulus ",,,,,,,,,,,,
,qPCR,2012 June-July,-9.97,153.22,101.30,311.14,,,0.00,0.00,," Rhizosolenia,Hemiaulus ",51.51,,,,,,,,,,,
,qPCR,2012 June-July,-9.19,162.69,101.10,141.69,,,0.00,169.49,," Rhizosolenia,Hemiaulus ",0.00,,,,,,,,,,,
,qPCR,2012 June-July,-8.87,155.12,100.60,1329.31,,,0.00,0.00,," Rhizosolenia,Hemiaulus ",24.86,,,,,,,,,,,
,qPCR,2012 June-July,-6.16,152.50,101.60,8713.21,,,0.00,4.94,," Rhizosolenia,Hemiaulus ",,,,,,,,,,,,
,qPCR,2012 June-July,-4.94,153.60,100.30,4591.87,,,0.00,22.83,," Rhizosolenia,Hemiaulus ",5.96,,,,,,,,,,,
,qPCR,2012 June-July,-4.91,152.87,100.30,1499.62,,,0.00,16.39,," Rhizosolenia,Hemiaulus ",115.41,,,,,,,,,,,
,qPCR,2012 June-July,-4.23,155.36,101.00,0.00,,,0.00,89.64,," Rhizosolenia,Hemiaulus ",1.10,,,,,,,,,,,
,qPCR,2012 June-July,-4.08,152.54,101.00,106408.23,,,0.00,11.83,," Rhizosolenia,Hemiaulus ",0.00,,,,,,,,,,,
Bonnet et al. (2023) doi: 10.1038/s41396-022-01319-3,qPCR,11/12/2019,-21.17,-175.96,135.00,3525556.22,,,,9201.05,6.63,,,,,,,,,,,,,
,qPCR,11/13/2019,-21.16,-175.75,135.00,214664.17,,,,4546.54,47.76,,,,,,,,,,,,,
only surface shown in Fig.. 1,qPCR,11/3/2019,-21.03,172.18,109.00,96.72,,,,3145.20,0.81,,,,,,,,,,,,,
data from author,qPCR,11/4/2019,-20.55,175.82,109.00,343.70,,,,4846.40,4.33,,,,,,,,,,,,,
,qPCR,11/6/2019,-20.53,-179.53,135.00,49812.17,,,,1330.47,9.67,,,,,,,,,,,,,
,qPCR,11/7/2019,-20.51,-177.13,135.00,24089.96,,,,19923.82,6.92,,,,,,,,,,,,,
,qPCR,11/16/2019,-20.50,-172.01,135.00,79556.51,,,,62662.22,0.79,,,,,,,,,,,,,
,qPCR,11/18/2019,-20.39,-166.44,187.00,15.71,,,,21905.43,0.69,,,,,,,,,,,,,
,qPCR,11/29/2019,-19.52,-177.05,135.00,222916.72,,,,3788.31,5.93,,,,,,,,,,,,,
,qPCR,11/25/2019,-19.42,-175.13,135.00,1796820.72,,,,19437.35,58.18,,,,,,,,,,,,,
,qPCR,11/25/2019,-19.42,-174.95,135.00,121972.18,,,,50983.54,3.62,,,,,,,,,,,,,
Foster et al. (unpublished),qPCR,6/12/2016,8.27,106.19,28.00,,,,,,,,,,,,,,,,,,,
,qPCR,6/11/2016,9.23,106.44,22.00,6.49,0.01,,,0.00,,,308814.87,308535.00,279.87,0.01,,,,,,,,
data from author,qPCR,6/11/2016,9.62,106.95,20.00,24.10,2.13,,,0.02,,,9402400.94,9402300.00,100.94,141.96,,,,,,,,
,qPCR,6/14/2016,9.74,108.67,85.00,104981.80,9.21,,,31.54,,,26335.40,22138.02,4197.38,386.87,,,,,,,,
,qPCR,6/14/2016,9.75,108.68,85.00,58828.52,6.07,,,11.60,,,12569.95,11469.38,1100.57,716.83,,,,,,,,
,qPCR,6/10/2016,9.79,107.18,26.00,526.83,0.00,,,0.42,,,2933.66,2746.86,,310.43,,,,,,,,
,qPCR,6/10/2016,9.82,107.76,34.00,794.80,0.03,,,12.43,,,10536.65,10359.25,177.40,2402.25,,,,,,,,
,qPCR,6/12/2016,9.82,107.76,34.00,0.58,47.14,,,4.33,,,4062.26,3847.90,214.36,1590.10,,,,,,,,
,qPCR,6/13/2016,9.82,107.76,35.00,0.61,44.81,,,27.48,,,7000.13,6424.50,575.63,686.56,,,,,,,,
,qPCR,6/11/2016,9.85,107.01,21.00,29.82,0.02,,,0.02,,,2006448.65,2006134.40,314.25,396.50,,,,,,,,
,qPCR,6/13/2016,9.99,107.58,29.00,0.42,92.65,,,0.38,,,3540.42,3446.60,93.82,1089.21,,,,,,,,
,qPCR,6/15/2016,10.63,109.14,85.00,19923.73,21.57,,,75.15,,,14773.66,14052.80,720.86,1317.70,,,,,,,,
,qPCR,6/15/2016,10.83,108.48,27.00,143.08,0.00,,,18.13,,,8289.75,2290.25,5999.50,1878.75,,,,,,,,
,qPCR,6/16/2016,11.14,109.61,90.00,,88.62,,,201.57,,,14602.77,10867.92,3734.85,2591.97,,,,,,,,
,qPCR,6/9/2016,11.14,109.62,70.00,,,,,,,,,,,,,,,,,,,
,qPCR,6/8/2016,11.14,109.62,90.00,1362.36,2163.62,,,,,,450.31,,302.31,0.02,,,,,,,,
,qPCR,6/9/2016,11.19,108.99,62.00,1576.98,1.72,,,0.03,,,96.95,31.29,,29.84,,,,,,,,
,qPCR,6/7/2016,11.58,110.15,90.00,2961.28,51.72,,,0.03,,,477.69,471.67,6.02,0.05,,,,,,,,
,qPCR,6/18/2016,11.65,109.59,106.00,,0.00,,,7.38,,,9371.65,7475.49,1896.15,513.64,,,,,,,,
,qPCR,6/6/2016,11.72,109.60,90.00,7105.40,527.73,,,,,,755.68,372.52,,26.18,,,,,,,,
,qPCR,6/17/2016,11.86,110.00,200.00,,0.00,,,0.12,,,753.03,753.00,0.03,29.62,,,,,,,,
,qPCR,6/16/2016,11.86,110.00,65.00,,2.12,,,458.77,,,8793.95,5784.09,3009.86,145.51,,,,,,,,
,qPCR,6/17/2016,11.86,110.00,90.00,,,,,,,,,,,,,,,,,,,
,qPCR,6/4/2016,12.39,110.95,100.00,1608.13,3462.02,,,0.04,,,153.15,0.02,153.13,209.08,,,,,,,,
,qPCR,6/4/2016,12.39,110.95,100.00,753.32,4183.72,,,40.68,,,493.54,95.86,397.68,10.69,,,,,,,,
,qPCR,6/5/2016,12.65,109.81,100.00,0.00,0.09,,,12.60,,,56.52,42.86,13.66,0.08,,,,,,,,
,qPCR,6/5/2016,12.65,109.80,60.00,953.32,184.84,,,96.87,,,41.49,6.60,34.90,0.01,,,,,,,,
Stenegren et al. (2017),qPCR,7/5/2010,4.88,-51.36,52.70,,,,,,,,0.00,0.00,0.00,,,,,,,,,
,qPCR,9/25/2011,5.43,-44.64,70.00,,,,,,,,14.19,,14.19,,,,,,,,,
doi: 10.3389/fmicb.2017.00810,qPCR,6/27/2010,5.94,-51.50,100.00,,,,,,,,22.04,0.00,22.04,,,,,,,,,
,qPCR,7/3/2010,6.13,-50.91,102.50,,,,,,,,201.36,0.01,201.35,,,,,,,,,
data from author,qPCR,9/24/2011,6.20,-45.45,70.00,,,,,,,,7.42,,7.42,,,,,,,,,
,qPCR,7/8/2010,6.69,-51.76,100.70,,,,,,,,33.56,0.00,33.56,,,,,,,,,
,qPCR,9/23/2011,6.78,-45.96,65.00,,,,,,,,22.92,,22.92,,,,,,,,,
,qPCR,6/28/2010,6.82,-49.98,101.40,,,,,,,,472115.71,250.64,471865.07,,,,,,,,,
,qPCR,6/29/2010,6.82,-47.63,101.60,,,,,,,,13.05,10.16,2.90,,,,,,,,,
,qPCR,9/26/2011,6.99,-44.85,25.00,,,,,,,,1.80,,1.80,,,,,,,,,
,qPCR,6/30/2010,7.00,-45.03,102.00,,,,,,,,389.28,117.87,271.41,,,,,,,,,
,qPCR,9/30/2011,7.39,-48.92,6.00,,,,,,,,,,,,,,,,,,,
,qPCR,9/30/2011,7.46,-48.90,2.00,,,,,,,,,,,,,,,,,,,
,qPCR,9/21/2011,8.22,-50.85,75.00,,,,,,,,0.00,,0.00,,,,,,,,,
,qPCR,9/19/2011,8.25,-50.67,100.00,,,,,,,,0.00,,0.00,,,,,,,,,
,qPCR,7/11/2010,8.31,-50.76,120.00,,,,,,,,3941.37,,3909.21,,,,,,,,,
,qPCR,9/28/2011,8.46,-48.04,100.00,,,,,,,,3.20,,3.20,,,,,,,,,
,qPCR,9/28/2011,9.45,-46.99,120.00,,,,,,,,0.00,,0.00,,,,,,,,,
,qPCR,10/4/2011,9.52,-50.40,100.00,,,,,,,,4.90,,4.90,,,,,,,,,
,qPCR,7/13/2010,9.77,-51.70,80.19,,,,,,,,28650.01,,28614.28,,,,,,,,,
,qPCR,7/12/2010,9.96,-50.02,120.00,,,,,,,,1331.14,,1331.14,,,,,,,,,
,qPCR,6/25/2010,10.29,-54.50,45.00,,,,,,,,51351.06,,51299.50,,,,,,,,,
,qPCR,10/6/2011,10.66,-53.00,100.00,,,,,,,,4.11,,4.11,,,,,,,,,
,qPCR,7/16/2010,10.77,-54.45,101.70,,,,,,,,,,,,,,,,,,,
,qPCR,7/18/2010,10.77,-54.45,75.76,,,,,,,,3519.26,21.70,3497.56,,,,,,,,,
,qPCR,6/23/2010,11.57,-56.80,150.00,,,,,,,,16260277.30,1687.30,16258590.00,,,,,,,,,
,qPCR,7/21/2010,12.40,-52.22,151.25,,,,,,,,14309.31,4203.04,10106.27,,,,,,,,,
,qPCR,7/22/2010,12.40,-52.22,152.19,,,,,,,,316781.03,4876.35,311904.67,,,,,,,,,
Dugenne et al. (2022),qPCR,4/4/2018,22.10,-157.03,125.00,825.26,16856.29,,,58.17,134.47,,14487.50,4202.50,10285.00,302587.50,,,,,,,,
doi: 10.1029/2022GB007386,qPCR,3/29/2018,22.21,-156.35,125.00,155.35,33433.10,,,237.78,1368.91,,67610.00,36715.00,30895.00,632262.50,,,,,,,,
,qPCR,7/1/2017,24.00,-158.92,125.00,4082.01,1156.07,,,10172.88,2.08,,58995.02,54443.67,4551.35,26364.19,,,,,,,,
,qPCR,7/1/2017,24.47,-158.72,125.00,142.02,7512.10,,,13671.00,5.35,,21867.81,8320.46,13547.35,10857.89,,,,,,,,
,qPCR,4/7/2018,24.62,-160.85,125.00,8.26,21524.14,,,18.49,42.27,,37567.50,34347.50,3220.00,12235.00,,,,,,,,
,qPCR,7/1/2017,24.86,-158.57,125.00,93.76,5183.52,,,816.32,2.13,,70922.10,58299.78,12622.32,439397.16,,,,,,,,
,qPCR,6/30/2017,25.19,-158.43,125.00,282.89,5029.93,,,5232.91,10.32,,111797.61,66938.05,44859.56,1564.11,,,,,,,,
,qPCR,6/30/2017,25.43,-158.33,125.00,329.20,16699.92,,,5865.85,5.17,,206884.15,154421.88,52462.26,99965.93,,,,,,,,
,qPCR,6/30/2017,25.68,-158.23,125.00,352.83,23679.49,,,21839.10,10.90,,78909.99,48758.60,30151.39,10923.80,,,,,,,,
,qPCR,6/30/2017,25.93,-158.12,125.00,239.54,22131.01,,,31561.58,9.84,,169246.55,116029.25,53217.30,2717.70,,,,,,,,
,qPCR,6/30/2017,26.17,-158.02,125.00,252.64,41986.56,,,244941.89,9.30,,165983.89,133977.65,32006.24,48133.92,,,,,,,,
,qPCR,6/29/2017,26.33,-158.01,125.00,146.91,33437.13,,,46167.16,22.34,,53492.60,23327.95,30164.64,7411.88,,,,,,,,
,qPCR,6/29/2017,27.18,-157.61,125.00,528.84,39588.74,,,19429.31,23.29,,255621.44,238752.46,16868.98,82486.42,,,,,,,,
,qPCR,6/29/2017,27.95,-157.29,125.00,58.05,24769.79,,,256.65,8.17,,65613.81,16438.01,49175.79,1033.70,,,,,,,,
