SOURCE: Data,METHODS:                  Sampling/Analysis,DATE (yyyy-mm-dd),LATITUDE,LONGITUDE,Integral DEPTH (m),Trichodesmium nifH Gene (x106 copies m-2),Trichodesmium Biomass Conversion factor (mg C/106 nifH copies),Trichodesmium Biomass (mg C m-2),UCYN-A1 nifH Gene (x106 copies m-2),UCYN-A2 nifH Gene (x106 copies m-2),UCYN-A nifH Gene (x106 copies m-2),UCYN-A Biomass Conversion factor (mg C/106 nifH copies),UCYN-B nifH Gene (x106 copies m-2),UCYN-B Biomass Conversion factor (mg C/106 nifH copies),UCYN-C nifH Gene (x106 copies m-2),UCYN-C Biomass Conversion factor (mg C/106 nifH copies),UCYN Biomass (mg C m-2),Richelia Associated Species,Richelia nifH Gene (x106 copies m-2),Richelia Biomass Conversion factor (mg C/106 nifH copies),Calothrix Associated Species,Calothrix nifH Gene  (x106 copies m-2),Calothrix Biomass Conversion factor (mg C/106 nifH copies),Heterocyst (Richelia & Calotrhix) Biomass (mg C m-2),Gamma 1 nifH Gene (x106 copies/m3),Gamma 2 nifH Gene (x106 copies/m3),Gamma 3 nifH Gene (x106 copies/m3),Gamma 4 nifH Gene (x106 copies/m3),Gamma nifH Gene (x106 copies/m3),alpha nifH Gene (x106 copies/m3),Beta nifH Gene (x106 copies/m3),CIII nifH Gene (x106 copies/m3),Total Diazotrophic Biomass (mg C m-2),Surface Temperature (˚C),Surface Salinity (PSU),Surface Nitrate (µM),Surface Phosphate (µM),N:P ratio,Surface Fe (nM),Chlorophyll  (mg m-2),Notes
"Takuhei Shiozaki et al., 2014. Continetal Shelf Research",qPCR,2010 May ,21.50,122.00,200,12000.00,,,,,6800.00,,14000.00,,,,,,,,,,,,,,,,,,,,,,,0.02,0.03,,,,
,qPCR,2010 May ,21.50,122.50,200,16000.00,,,,,2100.00,,8500.00,,,,,,,,,,,,,,,,,,,,,,,0.01,0.08,,,,
data shown in table 3,qPCR,2010 May ,21.00,120.00,200,2100.00,,,,,1300.00,,1500.00,,,,,,,,,,,,,,,,,,,,,,,0.01,0.03,,,,
,qPCR,2010 May ,21.00,119.50,200,1500.00,,,,,1700.00,,560.00,,,,,,,,,,,,,,,,,,,,,,,0.02,0.03,,,,
,qPCR,2010 May ,21.00,118.00,200,12000.00,,,,,860.00,,590.00,,,,,,,,,,,,,,,,,,,,,,,0.01,0.04,,,,
,qPCR,2010 May ,21.00,117.50,200,7000.00,,,,,1200.00,,540.00,,,,,,,,,,,,,,,,,,,,,,,0.01,0.03,,,,
,qPCR,2010 May ,21.00,117.00,200,8400.00,,,,,720.00,,320.00,,,,,,,,,,,,,,,,,,,,,,,0.02,0.03,,,,
,qPCR,2010 May ,21.00,116.50,200,1500.00,,,,,1200.00,,520.00,,,,,,,,,,,,,,,,,,,,,,,0.03,0.03,,,,
,qPCR,2010 September,21.50,122.50,200,3600.00,,,,,41.00,,34000.00,,,,,,,,,,,,,,,,,,,,,,,0.02,0.03,,,,
,qPCR,2010 September,21.00,120.00,200,1800.00,,,,,14.00,,1700.00,,,,,,,,,,,,,,,,,,,,,,,0.05,0.03,,,,
,qPCR,2010 September,21.00,119.50,200,3200.00,,,,,91.00,,1100.00,,,,,,,,,,,,,,,,,,,,,,,0.03,0.03,,,,
,qPCR,2010 September,21.00,119.00,200,1500.00,,,,,13.00,,1800.00,,,,,,,,,,,,,,,,,,,,,,,0.03,0.02,,,,
,qPCR,2010 September,21.00,118.00,200,1400.00,,,,,32.00,,440.00,,,,,,,,,,,,,,,,,,,,,,,0.01,0.02,,,,
,qPCR,2010 September,21.00,117.50,200,1100.00,,,,,95.00,,730.00,,,,,,,,,,,,,,,,,,,,,,,0.03,0.02,,,,
,qPCR,2010 September,21.00,117.00,200,1100.00,,,,,290.00,,250.00,,,,,,,,,,,,,,,,,,,,,,,0.08,0.02,,,,
,qPCR,2010 September,21.00,116.50,200,1400.00,,,,,Undetectable,,200.00,,,,,,,,,,,,,,,,,,,,,,,0.05,0.02,,,,
,qPCR,2010 December,21.50,122.50,200,1900.00,,,,,3000.00,,490.00,,,,,,,,,,,,,,,,,,,,,,,0.01,0.03,,,,
,qPCR,2010 December,21.00,120.00,200,990.00,,,,,3900.00,,750.00,,,,,,,,,,,,,,,,,,,,,,,0.28,0.07,,,,
,qPCR,2010 December,21.00,119.50,200,2500.00,,,,,4200.00,,1700.00,,,,,,,,,,,,,,,,,,,,,,,0.07,0.01,,,,
,qPCR,2010 December,21.00,119.00,200,1500.00,,,,,2900.00,,830.00,,,,,,,,,,,,,,,,,,,,,,,0.22,0.07,,,,
,qPCR,2010 December,21.00,118.00,200,2500.00,,,,,1900.00,,540.00,,,,,,,,,,,,,,,,,,,,,,,0.06,0.06,,,,
,qPCR,2010 December,21.00,117.50,200,2400.00,,,,,2400.00,,2300.00,,,,,,,,,,,,,,,,,,,,,,,0.19,0.08,,,,
,qPCR,2010 December,21.00,117.00,200,810.00,,,,,2600.00,,1500.00,,,,,,,,,,,,,,,,,,,,,,,0.07,0.06,,,,
,qPCR,2010 December,21.00,116.50,200,700.00,,,,,2100.00,,760.00,,,,,,,,,,,,,,,,,,,,,,,0.03,0.07,,,,
"Shiozaki et al., 2014. GBC",qPCR,27 Nov to 16 Dec 2009,16.75,69.00,46.00,5.41,,,,,0.00,,0.00,,,,,,,,,,,,,,,,2.39,,,,,,,,,,,,
,qPCR,27 Nov to 16 Dec 2009,14.00,69.00,53.00,50.04,,,,,0.00,,5.41,,,,,,,,,,,,,,,,54.98,,,,,,,,,,,,
data shown in figure 6,qPCR,27 Nov to 16 Dec 2009,10.00,68.75,62.00,194.56,,,,,0.00,,0.00,,,,,,,,,,,,,,,,43.69,,,,,,,,,,,,
,qPCR,27 Nov to 16 Dec 2009,4.02,69.00,60.00,0.00,,,,,0.00,,0.00,,,,,,,,,,,,,,,,0.00,,,,,,,,,,,,
,qPCR,27 Nov to 16 Dec 2009,-5.27,67.90,61.00,0.00,,,,,0.00,,0.00,,,,,,,,,,,,,,,,20.33,,,,,,,,,,,,
,qPCR,27 Nov to 16 Dec 2009,-20.00,72.55,86,0.00,,,,,0.00,,0.00,,,,,,,,,,,,,,,,0.00,,,,,,,,,,,,
"Shiozaki et al., 2015. Biogeosciences",qPCR,2012 August 7-12,39.33,142.17,63.00,0.00,,,,,5356.15,,0.00,,,,,,,,,,,,,,,,0.00,,,,,,,,,,,,
,qPCR,2012 August 7-12,38.42,142.00,62.00,0.00,,,,,2066.30,,0.00,,,,,,,,,,,,,,,,111.63,,,,,,,,,,,,
"data shown in figure 7, 8 and supplementary Figure S6",qPCR,2012 October 15-22,39.33,142.17,62.00,1004.01,,,,,45.42,,0.00,,,,,,,,,,,,,,,,29.70,,,,,,,,,,,,
,qPCR,2012 October 15-22,38.42,142.00,65.00,13.25,,,,,16.04,,0.00,,,,,,,,,,,,,,,,51.71,,,,,,,,,,,,
,qPCR,2013 January 19-25,39.33,142.17,76.00,0.00,,,,,14.47,,0.00,,,,,,,,,,,,,,,,0.00,,,,,,,,,,,,
,qPCR,2013 January 19-25,38.42,142.00,119.00,0.00,,,,,0.00,,0.00,,,,,,,,,,,,,,,,0.00,,,,,,,,,,,,
,qPCR,2013 June 24-29,39.33,142.17,42.00,0.00,,,,,381.10,,0.00,,,,,,,,,,,,,,,,0.00,,,,,,,,,,,,
,qPCR,2013 June 24-29,38.42,142.00,44.00,0.00,,,,,101.56,,0.00,,,,,,,,,,,,,,,,0.00,,,,,,,,,,,,
,qPCR,2013 September 14-21,39.33,142.17,72.00,38.14,,,,,36.48,,0.00,,,,,,,,,,,,,,,,0.00,,,,,,,,,,,,
,qPCR,2014 March 14-19,39.33,142.17,26.00,0.00,,,,,0.00,,0.00,,,,,,,,,,,,,,,,0.00,,,,,,,,,,,,
,qPCR,2014 March 14-19,38.42,142.00,65.00,0.00,,,,,0.00,,0.00,,,,,,,,,,,,,,,,0.00,,,,,,,,,,,,
"Martinez-Perez et al., 2016. Nature Microbiology",qPCR,2013 May,11.20,-60.18,200,1416.21,,,,,1180.00,,126.21,,0.65,,,,54.98,,,,,,,,,,885.13,,,,,,,0.03,0.02,,,,
,qPCR,2013 May,13.48,-58.19,200,9174.85,,,,,542.50,,50.84,,3.06,,,,63.56,,,,,,,,,,1254.18,,,,,,,0.01,0.01,,,,
data from supplementary table 1,qPCR,2013 May,14.30,-56.45,200,928.66,,,,,0.00,,7.17,,0.97,,,,29.53,,,,,,,,,,1222.13,,,,,,,0.02,n.d.,,,,
,qPCR,2013 May,14.30,-54.30,200,5454.10,,,,,1520.00,,69.29,,0.70,,,,79.96,,,,,,,,,,1204.88,,,,,,,0.01,0.01,,,,
,qPCR,2013 May,14.30,-49.15,200,2568.43,,,,,0.00,,4.30,,0.39,,,,79.69,,,,,,,,,,1051.18,,,,,,,0.00,0.00,,,,
,qPCR,2013 May,14.30,-46.15,200,1510.92,,,,,42.00,,14.38,,5.70,,,,55.63,,,,,,,,,,1154.43,,,,,,,0.06,n.d.,,,,
,qPCR,2013 May,14.30,-41.45,200,433.20,,,,,472.50,,24.78,,4.95,,,,115.16,,,,,,,,,,1239.80,,,,,,,0.00,n.d.,,,,
,qPCR,2013 May,14.30,-39.30,200,108.05,,,,,870.00,,7.21,,4.68,,,,1259.47,,,,,,,,,,1156.40,,,,,,,0.04,n.d.,,,,
,qPCR,2013 May,14.50,-35.00,200,102.64,,,,,1450.00,,0.00,,3.23,,,,42.48,,,,,,,,,,953.19,,,,,,,0.03,n.d.,,,,
,qPCR,2013 May,14.30,-32.45,200,31.67,,,,,4500.00,,0.81,,1.64,,,,67.79,,,,,,,,,,1154.25,,,,,,,0.05,n.d.,,,,
,qPCR,2013 May,14.50,-30.50,200,28.66,,,,,1485.00,,4.70,,4.90,,,,39.52,,,,,,,,,,1089.65,,,,,,,0.03,0.01,,,,
,qPCR,2013 May,14.50,-28.25,200,35.24,,,,,2750.00,,3.50,,3.96,,,,294.89,,,,,,,,,,1204.45,,,,,,,14.53,1.00,,,,
,qPCR,2013 May,14.50,-26.00,200,31.91,,,,,1187.50,,14.30,,1.60,,,,42.72,,,,,,,,,,1870.95,,,,,,,0.04,0.05,,,,
,qPCR,2013 May,14.50,-21.50,200,3.71,,,,,0.00,,1.87,,0.89,,,,5.12,,,,,,,,,,1078.58,,,,,,,0.01,0.28,,,,
"Berthelot et al., 2017. GRL.",qPCR,2014 March,-2.80,150.20,70,159.02,,,0.47,0.00,0.47,,4.70,,0.00,,,,1.80,,,,,,,,,,112.30,,,,,,,,,,,,
,qPCR,2014 March,-3.20,149.40,70,87.22,,,10.04,0.00,10.04,,0.00,,0.00,,,,16.29,,,,,,,,,,143.02,,,,,,,,,,,,
data shown in figure 1 and supplementary information,qPCR,2014 March,-3.50,148.60,70,37.94,,,0.00,0.00,0.00,,3.38,,0.00,,,,0.46,,,,,,,,,,8.69,,,,,,,,,,,,
,qPCR,2014 March,-3.80,147.80,70,116.14,,,1.76,0.00,1.76,,6.60,,0.00,,,,0.00,,,,,,,,,,20.62,,,,,,,,,,,,
,qPCR,2014 March,-4.10,146.90,70,176.90,,,2.45,0.00,2.45,,1.36,,0.00,,,,1.30,,,,,,,,,,26.79,,,,,,,,,,,,
,qPCR,2014 March,-4.40,146.00,70,178.65,,,1.69,0.00,1.69,,6.69,,117.18,,,,0.00,,,,,,,,,,123.27,,,,,,,,,,,,
,qPCR,2014 March,-9.00,152.50,70,968.25,,,0.00,0.00,0.00,,0.76,,0.01,,,,2.48,,,,,,,,,,290.81,,,,,,,,,,,,
,qPCR,2014 March,-8.30,152.50,70,3472.58,,,2.85,0.00,2.85,,1.86,,2070.56,,,,0.00,,,,,,,,,,468.85,,,,,,,,,,,,
,qPCR,2014 March,-7.70,152.50,70,1029.82,,,0.00,0.00,0.00,,0.00,,806.04,,,,5.18,,,,,,,,,,133.44,,,,,,,,,,,,
,qPCR,2014 March,-7.00,152.50,70,1187.76,,,0.00,0.00,0.00,,0.00,,145.94,,,,1.19,,,,,,,,,,514.37,,,,,,,,,,,,
,qPCR,2014 March,-6.30,152.50,70,3011.52,,,0.00,0.00,0.00,,0.00,,5619.45,,,,10.41,,,,,,,,,,266.69,,,,,,,,,,,,
,qPCR,2014 March,-5.60,152.00,70,5066.63,,,0.00,0.00,0.00,,0.00,,479.88,,,,41.34,,,,,,,,,,356.39,,,,,,,,,,,,
,qPCR,2014 March,-11.50,154.00,90,2122.71,,,0.33,277.91,278.24,,3561.17,,2376.64,,,,24.55,,,,,,,,,,778.77,,,,,,,,,,,,
,qPCR,2014 March,-11.00,157.00,80,1070.78,,,0.30,0.00,0.30,,489.57,,0.05,,,,30.46,,,,,,,,,,669.22,,,,,,,,,,,,
,qPCR,2014 March,-10.50,159.00,85,1236.18,,,0.42,0.00,0.42,,307.33,,0.00,,,,11.21,,,,,,,,,,56.51,,,,,,,,,,,,
,qPCR,2014 March,-10.00,160.50,80,4322.14,,,0.00,0.00,0.00,,439.87,,0.05,,,,108.79,,,,,,,,,,1159.89,,,,,,,,,,,,
"Moreira-Coello et al., 2017. Frontiers in Marine Sciences",qPCR,2/27/2014,43.70,-8.73,70.00,,,,nan,nan,0.10,,,,,,,,,,,,,,,,,,nan,,,,,12.50,33.80,6.90,0.28,,,,
,qPCR,5/27/2014,43.70,-8.73,70.00,,,,0.15,0.32,0.47,,,,,,,,,,,,,,,,,,0.00,,,,,15.50,35.00,0.10,0.07,,,,
,qPCR,12/17/2014,43.70,-8.73,70.00,,,,nan,nan,nan,,,,,,,,,,,,,,,,,,nan,,,,,13.80,35.50,3.80,nan,,,,
data shown in Figure 6 and supplementary material,qPCR,4/14/2015,43.70,-8.73,70.00,,,,0.11,0.49,0.60,,,,,,,,,,,,,,,,,,0.00,,,,,13.55,35.30,1.30,0.09,,,,
,qPCR,5/12/2015,43.70,-8.73,70.00,,,,0.00,0.33,0.33,,,,,,,,,,,,,,,,,,0.37,,,,,15.60,35.10,< LOD ,0.09,,,,
,qPCR,6/11/2015,43.70,-8.73,70.00,,,,0.14,2.10,2.24,,,,,,,,,,,,,,,,,,3.90,,,,,13.60,35.50,3.70,0.33,,,,
,qPCR,7/22/2015,43.70,-8.73,70.00,,,,1.30,1.00,2.30,,,,,,,,,,,,,,,,,,4.40,,,,,16.20,35.60,0.10,0.34,,,,
,qPCR,9/3/2015,43.70,-8.73,70.00,,,,1.30,3.20,4.50,,,,,,,,,,,,,,,,,,22.00,,,,,16.40,35.30,2.40,0.33,,,,
,qPCR,11/19/2015,43.70,-8.73,70.00,,,,0.26,0.37,0.63,,,,,,,,,,,,,,,,,,38.00,,,,,17.10,35.70,1.10,0.22,,,,
,qPCR,12/16/2015,43.70,-8.73,70.00,,,,0.16,1.50,1.66,,,,,,,,,,,,,,,,,,5.10,,,,,15.10,35.80,3.40,0.30,,,,
"Shiozaki et al., 2017. GBC.",qPCR,7/3/2014,0.00,-170.00,104,n.d.,,,n.d.,n.d.,n.d.,,n.d.,,n.d.,,,,n.d.,,,,,,,,,,n.d.,,,,,,,,,,,,
,qPCR,7/4/2014,5.00,-170.00,153,n.d.,,,n.d.,n.d.,n.d.,,n.d.,,n.d.,,,,n.d.,,,,,,,,,,267.29,,,,,,,,,,,,
integral data shown in Table 1,qPCR,7/6/2014,10.00,-170.00,140,n.d.,,,n.d.,n.d.,n.d.,,n.d.,,n.d.,,,,n.d.,,,,,,,,,,10.09,,,,,,,,,,,,
,qPCR,7/7/2014,15.00,-170.00,170,79.10,,,4736.24,nan,4736.24,,7004.15,,n.d.,,,,36.42,,,,,,,,,,6179.27,,,,,,,,,,,,
,qPCR,7/9/2014,20.00,-170.00,144,591.96,,,7376.43,nan,7376.43,,8402.11,,0.70,,,,22.62,,,,,,,,,,2468.18,,,,,,,,,,,,
,qPCR,7/10/2014,24.00,-170.00,157,173.44,,,44805.82,nan,44805.82,,468.84,,3.12,,,,25.86,,,,,,,,,,2357.47,,,,,,,,,,,,
,qPCR,7/20/2014,30.00,-170.00,140,15.95,,,2211.65,nan,2211.65,,n.d.,,n.d.,,,,14.04,,,,,,,,,,3211.08,,,,,,,,,,,,
,qPCR,7/21/2014,35.00,-170.00,99,n.d.,,,n.d.,n.d.,n.d.,,n.d.,,n.d.,,,,n.d.,,,,,,,,,,n.d.,,,,,,,,,,,,
,qPCR,7/23/2014,40.00,-170.00,119,n.d.,,,n.d.,n.d.,n.d.,,n.d.,,n.d.,,,,n.d.,,,,,,,,,,n.d.,,,,,,,,,,,,
,qPCR,7/24/2014,45.00,-170.00,107,n.d.,,,n.d.,n.d.,n.d.,,n.d.,,n.d.,,,,n.d.,,,,,,,,,,n.d.,,,,,,,,,,,,
,qPCR,7/25/2014,50.00,-170.00,104,n.d.,,,n.d.,n.d.,n.d.,,n.d.,,n.d.,,,,n.d.,,,,,,,,,,n.d.,,,,,,,,,,,,
,qPCR,7/26/2014,55.00,-170.00,60,n.d.,,,n.d.,n.d.,n.d.,,n.d.,,n.d.,,,,n.d.,,,,,,,,,,n.d.,,,,,,,,,,,,
,qPCR,7/28/2014,60.00,-170.67,46,n.d.,,,n.d.,n.d.,n.d.,,n.d.,,n.d.,,,,n.d.,,,,,,,,,,n.d.,,,,,,,,,,,,
,qPCR,7/29/2014,64.25,-168.00,30,n.d.,,,n.d.,6100.00,6100.00,,n.d.,,n.d.,,,,n.d.,,,,,,,,,,n.d.,,,,,,,,,,,,
,qPCR,7/30/2014,68.00,-168.00,35,n.d.,,,n.d.,n.d.,n.d.,,n.d.,,n.d.,,,,n.d.,,,,,,,,,,n.d.,,,,,,,,,,,,
Shiozaki et al. 2018. GBC.,qPCR,12/23/2013,0.00,-170.00,104.00,n.d.,,,n.d.,,n.d.,,n.d.,,n.d.,,,,n.d.,,,,,,,,,,,,,,,27.20,,5.53,0.50,,,0.34,
,qPCR,12/26/2013,-10.00,-170.00,158.00,196.69,,,n.d.,,n.d.,,n.d.,,n.d.,,,,n.d.,,,,,,,,,,,,,,,30.00,,0.01,0.24,,,0.06,
data shown in Data Set S1,qPCR,1/2/2014,-15.00,-170.00,175.00,n.d.,,,n.d.,,n.d.,,n.d.,,n.d.,,,,n.d.,,,,,,,,,,,,,,,29.00,,0.01,0.21,,,0.07,
,qPCR,1/4/2014,-20.00,-170.00,168.00,1112.88,,,4725.87,,4725.87,,2788.67,,n.d.,,,,18.46,,,,,,,,,,,,,,,27.80,,<0.003,0.13,,,0.07,
,qPCR,1/7/2014,-25.00,-170.00,134.00,7166.50,,,17832.61,,17832.61,,7128.30,,n.d.,,,,26.60,,,,,,,,,,,,,,,26.30,,<0.003,0.03,,,0.07,
,qPCR,1/9/2014,-30.00,-170.00,130.00,106.04,,,8501.77,,8501.77,,n.d.,,n.d.,,,,3.80,,,,,,,,,,,,,,,24.00,,<0.003,0.03,,,0.04,
,qPCR,1/11/2014,-35.00,-170.00,147.00,n.d.,,,13556.47,,13556.47,,n.d.,,n.d.,,,,17.58,,,,,,,,,,,,,,,21.90,,<0.003,0.08,,,0.03,
,qPCR,1/13/2014,-40.00,-170.00,122.00,n.d.,,,56.79,,56.79,,n.d.,,n.d.,,,,n.d.,,,,,,,,,,,,,,,19.80,,0.00,0.15,,,0.06,
,qPCR,1/1/2012,0.00,-135.01,96.00,n.d.,,,n.d.,,n.d.,,n.d.,,n.d.,,,,n.d.,,,,,,,,,,,,,,,24.20,,7.89,0.65,,,0.29,
,qPCR,1/3/2012,-7.50,-127.51,115.00,n.d.,,,n.d.,,n.d.,,n.d.,,n.d.,,,,n.d.,,,,,,,,,,,,,,,25.10,,7.88,0.61,,,0.15,
,qPCR,1/5/2012,-15.00,-120.00,107.00,n.d.,,,n.d.,,n.d.,,n.d.,,n.d.,,,,n.d.,,,,,,,,,,,,,,,25.50,,3.50,0.38,,,0.12,
,qPCR,1/6/2012,-20.01,-120.00,140.00,n.d.,,,n.d.,,n.d.,,n.d.,,n.d.,,,,n.d.,,,,,,,,,,,,,,,25.90,,0.21,0.20,,,0.11,
,qPCR,1/7/2012,-23.00,-120.00,195.00,n.d.,,,n.d.,,n.d.,,n.d.,,n.d.,,,,n.d.,,,,,,,,,,,,,,,25.40,,0.00,0.23,,,0.07,
,qPCR,1/10/2012,-26.50,-120.00,215.00,n.d.,,,13150.30,,13150.30,,73.65,,n.d.,,,,n.d.,,,,,,,,,,,,,,,24.40,,<0.003,0.12,,,0.02,
,qPCR,1/11/2012,-29.99,-120.00,168.00,n.d.,,,3446.54,,3446.54,,n.d.,,n.d.,,,,n.d.,,,,,,,,,,,,,,,22.70,,<0.003,0.10,,,0.02,
,qPCR,1/14/2012,-30.00,-107.00,195.00,n.d.,,,871.69,,871.69,,n.d.,,n.d.,,,,n.d.,,,,,,,,,,,,,,,21.80,,<0.003,0.14,,,0.02,
,qPCR,1/16/2012,-30.00,-100.00,171.00,n.d.,,,n.d.,,n.d.,,n.d.,,n.d.,,,,n.d.,,,,,,,,,,,,,,,21.90,,<0.003,0.15,,,0.03,
,qPCR,1/18/2012,-23.00,-100.00,205.00,n.d.,,,n.d.,,n.d.,,n.d.,,n.d.,,,,n.d.,,,,,,,,,,,,,,,24.50,,0.01,0.29,,,0.03,
,qPCR,1/20/2012,-20.00,-100.00,177.00,115.27,,,n.d.,,n.d.,,n.d.,,n.d.,,,,n.d.,,,,,,,,,,,,,,,24.30,,0.02,0.36,,,0.01,
"Shiozaki et al, 2018. Limnology Oceanography",qPCR,09/06/2015,65.76,-168.75,29.20,,,,,4.11,4.11,,,,,,,,,,,,,,,,,,,,,,,7.40,31.70,2.51,0.75,3.35,,4.70,
,qPCR,09/07/2015,68.00,-168.78,35.00,,,,,5.37,5.37,,,,,,,,,,,,,,,,,,,,,,,4.60,32.49,16.71,1.63,10.25,,1.79,
data shown in Figure 5 and Supplementary Table 3,qPCR,09/07/2015,70.50,-168.75,30.00,,,,,42.44,42.44,,,,,,,,,,,,,,,,,,,,,,,4.90,31.98,0.20,0.61,0.33,,1.83,
,qPCR,09/08/2015,71.34,-157.66,27.80,,,,,24.48,24.48,,,,,,,,,,,,,,,,,,,,,,,4.90,31.73,1.42,0.83,1.71,,1.96,
,qPCR,09/15/2015,71.95,-158.00,39.70,,,,,23.08,23.08,,,,,,,,,,,,,,,,,,,,,,,4.40,31.37,0.90,0.69,1.30,,2.74,
,qPCR,09/29/2015,72.00,-168.75,37.10,,,,,1.89,1.89,,,,,,,,,,,,,,,,,,,,,,,2.30,31.77,0.47,0.59,0.80,,2.72,
,qPCR,10/03/2015,67.00,-168.75,35.20,,,,,n.d.,n.d.,,,,,,,,,,,,,,,,,,,,,,,3.70,32.80,25.12,2.31,10.87,,0.70,
,qPCR,09/11/2015,71.77,-155.33,28.70,,,,,37.09,37.09,,,,,,,,,,,,,,,,,,,,,,,5.40,30.78,0.94,0.69,1.36,,1.21,
,qPCR,09/14/2015,72.00,-154.76,63.70,,,,,11.78,11.78,,,,,,,,,,,,,,,,,,,,,,,2.30,27.64,0.10,0.49,0.20,,0.67,
,qPCR,09/14/2015,72.39,-155.40,60.00,,,,,7.28,7.28,,,,,,,,,,,,,,,,,,,,,,,1.40,26.63,0.18,0.51,0.35,,0.35,
,qPCR,09/16/2015,72.34,-155.39,51.80,,,,,13.47,13.47,,,,,,,,,,,,,,,,,,,,,,,1.40,26.82,0.13,0.53,0.25,,0.48,
,qPCR,09/18/2015,72.47,-155.40,69.00,,,,,3.49,3.49,,,,,,,,,,,,,,,,,,,,,,,0.80,26.66,0.15,0.54,0.28,,0.29,
,qPCR,09/19/2015,72.38,-156.00,54.00,,,,,6.02,6.02,,,,,,,,,,,,,,,,,,,,,,,0.70,26.75,0.12,0.55,0.22,,0.36,
,qPCR,09/20/2015,72.29,-156.03,45.00,,,,,31.89,31.89,,,,,,,,,,,,,,,,,,,,,,,0.50,27.18,0.12,0.54,0.22,,0.53,
,qPCR,09/22/2015,71.83,-153.82,62.70,,,,,n.d.,n.d.,,,,,,,,,,,,,,,,,,,,,,,0.50,27.08,0.13,0.57,0.23,,0.27,
,qPCR,09/24/2015,72.17,-156.22,66.10,,,,,9.48,9.48,,,,,,,,,,,,,,,,,,,,,,,0.80,27.72,0.15,0.54,0.28,,0.82,
,qPCR,09/24/2015,73.21,-157.80,82.20,,,,,n.d.,n.d.,,,,,,,,,,,,,,,,,,,,,,,-0.20,25.49,0.20,0.52,0.38,,0.30,
,qPCR,09/25/2015,73.14,-162.30,71.30,,,,,n.d.,n.d.,,,,,,,,,,,,,,,,,,,,,,,1.20,31.10,0.46,0.59,0.78,,0.49,
,qPCR,09/26/2015,73.31,-160.78,71.60,,,,,4.17,4.17,,,,,,,,,,,,,,,,,,,,,,,0.20,27.34,0.17,0.56,0.30,,0.40,
,qPCR,09/27/2015,73.48,-160.14,90.20,,,,,2.27,2.27,,,,,,,,,,,,,,,,,,,,,,,0.10,25.90,0.18,0.52,0.35,,0.37,
,qPCR,09/28/2015,74.46,-166.64,87.30,,,,,n.d.,n.d.,,,,,,,,,,,,,,,,,,,,,,,-0.60,26.64,0.18,0.51,0.35,,0.32,
Stenegren et al. 2018. Biogeosciences.,qPCR,2/22/2015,-18.00,159.90,105.00,75770.43,,,890.86,89.77,980.63,,32623.65,,nan,,,,3302.36,,,,,,,,,,,,,,,,,,,,,,
,qPCR,2/23/2015,-18.62,162.12,105.00,5766.62,,,135.16,41.97,177.12,,6673.88,,9.25,,,,6587.57,,,,,,,,,,,,,,,,,,,,,,
data shown in Figure 1 and Supplementary Table S3,qPCR,2/24/2015,-19.50,165.00,105.00,91772.77,,,8.47,nan,8.47,,768.00,,nan,,,,315.12,,,,,,,,,,,,,,,,,,,,,,
,qPCR,2/26/2015,-19.21,164.69,105.00,36638.55,,,nan,nan,nan,,11.37,,nan,,,,33.60,,,,,,,,,,,,,,,,,,,,,,
,qPCR,3/4/2015,-19.91,168.00,105.00,13586.72,,,253.40,94.02,347.42,,110.56,,8.75,,,,1233.44,,,,,,,,,,,,,,,,,,,,,,
,qPCR,3/5/2015,-22.00,170.00,105.00,27158.74,,,23.46,3.35,26.81,,520.77,,nan,,,,393.12,,,,,,,,,,,,,,,,,,,,,,
,qPCR,3/6/2015,-21.37,172.13,105.00,8765.40,,,1361.36,113.49,1474.85,,57981.96,,nan,,,,262.77,,,,,,,,,,,,,,,,,,,,,,
,qPCR,3/7/2015,-20.73,174.27,119.00,7099.57,,,74.26,18.98,93.24,,42753.92,,nan,,,,773.43,,,,,,,,,,,,,,,,,,,,,,
,qPCR,3/8/2015,-20.70,176.40,135.00,49686.91,,,5285.63,56.62,5342.25,,6364.01,,nan,,,,245.18,,,,,,,,,,,,,,,,,,,,,,
,qPCR,3/9/2015,-20.97,178.64,131.00,nan,,,365.96,61.34,427.30,,11196.76,,0.40,,,,1876.18,,,,,,,,,,,,,,,,,,,,,,
,qPCR,3/10/2015,-20.45,-178.51,133.00,24363.22,,,123.29,9.93,133.22,,683.06,,nan,,,,536.82,,,,,,,,,,,,,,,,,,,,,,
,qPCR,3/11/2015,-19.99,-175.67,135.00,12244.08,,,39.28,3.41,42.69,,4555.37,,nan,,,,260.40,,,,,,,,,,,,,,,,,,,,,,
,qPCR,3/12/2015,-19.50,-172.80,128.00,19509.35,,,1037.39,169.49,1206.87,,15214.44,,nan,,,,44.77,,,,,,,,,,,,,,,,,,,,,,
,qPCR,3/15/2015,-18.24,-170.86,82.00,18695.85,,,0.33,nan,0.33,,66.42,,nan,,,,107.20,,,,,,,,,,,,,,,,,,,,,,
,qPCR,3/21/2015,-18.20,-169.07,85.00,774.98,,,nan,nan,nan,,415.25,,nan,,,,1.51,,,,,,,,,,,,,,,,,,,,,,
,qPCR,3/23/2015,-18.43,-165.92,180.00,34.55,,,1486.98,3968.12,5455.10,,27025.91,,nan,,,,300.15,,,,,,,,,,,,,,,,,,,,,,
,qPCR,3/29/2015,-18.41,-163.00,165.00,nan,,,nan,nan,nan,,15.91,,nan,,,,6.96,,,,,,,,,,,,,,,,,,,,,,
,qPCR,3/30/2015,-18.27,-160.00,174.00,nan,,,nan,nan,nan,,11.39,,nan,,,,nan,,,,,,,,,,,,,,,,,,,,,,
"Data from Luo et al., 2012",qPCR,2002-12-14,22.75,-158.00,200,271.12,0.3,81.33,,,11028.19,0.0002,208.90,0.02,,,6.38,,,,,,,,,,,,,,,,,,,,,,,,Trichodesmium integrated down to 100 m  depth
,qPCR,2002-12-13,22.75,-158.00,175,462.7817,0.3,138.83,,,3678.9883,0.0002,33237.6599,0.02,,,665.49,Rhizosolenia,509.0548,0.010,,,,5.0905,,,,,,,,,,,,,,,,,midnight sample
,qPCR,2002-12-14,22.75,-158.00,150,4861.1240,0.3,1458.34,,,14646.3471,0.0002,5.7745,0.02,,,3.0448,Rhizosolenia,11193.7763,0.010,,,,111.9378,,,,,,,,,,,,,,,,,noon sample
,qPCR,2005-07-16,22.75,-158.00,100,18000.00,0.3,5400.00,,,6400.00,0.0002,260.00,0.02,,,6.48,"Hemiaulus, Rhizosolenia",6810.00,0.010,Chaetoceros,320.00,0.010 ,71.30,,,,,,,,,,,,,,,,,
,qPCR,2005-07-26,22.37,-157.50,100,17000.00,0.3,5100.00,,,5800.00,0.0002,2300.00,0.02,,,47.16,"Hemiaulus, Rhizosolenia",430520.00,0.010,Chaetoceros,810.00,0.010 ,4313.30,,,,,,,,,,,,,,,,,
,qPCR,2005-07-26,22.45,-157.65,100,1800.00,0.3,540.00,,,1300.00,0.0002,61.00,0.02,,,1.48,"Hemiaulus, Rhizosolenia",3313.00,0.010,Chaetoceros,150.00,0.010 ,34.63,,,,,,,,,,,,,,,,,
,qPCR,2005-07-26,22.55,-157.80,100,26000.00,0.3,7800.00,,,7400.00,0.0002,1900.00,0.02,,,39.48,"Hemiaulus, Rhizosolenia",420250.00,0.010,Chaetoceros,370.00,0.010 ,4206.20,,,,,,,,,,,,,,,,,
,qPCR,2005-07-26,22.58,-157.88,100,27000.00,0.3,8100.00,,,6400.00,0.0002,400.00,0.02,,,9.28,"Hemiaulus, Rhizosolenia",190290.00,0.010,Chaetoceros,870.00,0.010 ,1911.60,,,,,,,,,,,,,,,,,
,qPCR,2005-07-26,22.63,-157.95,100,34000.00,0.3,10200.00,,,5400.00,0.0002,190.00,0.02,,,4.88,"Hemiaulus, Rhizosolenia",190200.00,0.010,Chaetoceros,300.00,0.010 ,1905.00,,,,,,,,,,,,,,,,,
,qPCR,2005-07-26,22.68,-158.05,100,11000.00,0.3,3300.00,,,4600.00,0.0002,1200.00,0.02,,,24.92,"Hemiaulus, Rhizosolenia",251800.00,0.010,Chaetoceros,1400.00,0.010 ,2532.00,,,,,,,,,,,,,,,,,
,qPCR,2005-07-26,22.75,-158.15,100,5700.00,0.3,1710.00,,,6700.00,0.0002,2800.00,0.02,,,57.34,"Hemiaulus, Rhizosolenia",122100.00,0.010,,,0.010 ,1221.00,,,,,,,,,,,,,,,,,
,qPCR,2005-07-26,22.83,-158.30,100,11000.00,0.3,3300.00,,,4100.00,0.0002,1100.00,0.02,,,22.82,"Hemiaulus, Rhizosolenia",37300.00,0.010,Chaetoceros,1300.00,0.010 ,386.00,,,,,,,,,,,,,,,,,
,qPCR,2005-08-13,22.75,-158.00,100,17000.00,0.3,5100.00,,,1700.00,0.0002,1500.00,0.02,,,30.34,"Hemiaulus, Rhizosolenia",3700.00,0.010,Chaetoceros,810.00,0.010 ,45.10,,,,,,,,,,,,,,,,,
,qPCR,2003-04-24,7.14,-51.49,70,3497.45,0.3,1049.24,,,204.95,0.0002,309.00,0.02,3204.09,0.01,38.26,"Hemiaulus,Rhizosolenia",1270.58,0.010,,,,12.71,,,,,,,,,,28.20,35.10,,,,,,
,qPCR,2003-04-26,10.20,-54.62,60,521.55,0.3,156.47,,,4.93,0.0002,78.15,0.02,116.54,0.010 ,2.73,"Hemiaulus,Rhizosolenia",144084.86,0.010,,,,1440.85,,,,,,,,,,27.70,34.90,,,,,,
,qPCR,2003-05-01,11.45,-55.56,90,26.05,0.3,7.81,,,126.75,0.0002,46.50,0.02,98.19,0.010 ,1.94,"Hemiaulus,Rhizosolenia",9918.50,0.010,,,,99.19,,,,,,,,,,27.70,34.60,,,,,,
,qPCR,2003-05-04,7.77,-54.35,90,91.92,0.3,27.57,,,61.90,0.0002,12.41,0.02,0.07,0.010 ,0.26,"Hemiaulus,Rhizosolenia",12500.05,0.010,,,,125.00,,,,,,,,,,27.80,28.60,,,,,,
,qPCR,2003-05-11,10.77,-53.97,88,1005.62,0.3,301.69,,,4.01,0.0002,131.70,0.02,1904.04,0.010 ,21.68,"Hemiaulus,Rhizosolenia",303852.53,0.010,,,,3038.53,,,,,,,,,,27.50,34.30,,,,,,
,qPCR,2003-05-12,10.75,-51.72,110,106.10,0.3,31.83,,,12345.12,0.0002,6.36,0.02,18.42,0.010 ,2.78,"Hemiaulus,Rhizosolenia",260.65,0.010,,,,2.61,,,,,,,,,,26.10,36.40,,,,,,
,qPCR,2003-05-13,10.58,-49.69,90,16922.85,0.3,5076.86,,,566.50,0.0002,620.95,0.02,712.51,0.010 ,19.66,"Hemiaulus,Rhizosolenia",1100.70,0.010,,,,11.01,,,,,,,,,,27.30,35.70,,,,,,
,qPCR,2003-05-14,9.68,-48.33,75,38629.00,0.3,11588.70,,,6737.50,0.0002,46740.00,0.02,3731.02,0.010 ,973.46,"Hemiaulus,Rhizosolenia",2526.50,0.010,,,,25.27,,,,,,,,,,27.40,35.90,,,,,,
,qPCR,2003-05-18,8.63,-56.19,80,55.00,0.3,16.50,,,0.10,0.0002,0.28,0.02,0.02,0.010 ,0.01,"Hemiaulus,Rhizosolenia",62.93,0.010,,,,0.63,,,,,,,,,,27.60,31.40,,,,,,
,qPCR,2003-05-20,10.87,-54.98,70,1715.75,0.3,514.73,,,17.62,0.0002,4.44,0.02,136.71,0.010 ,1.46,"Hemiaulus,Rhizosolenia",5882.43,0.010,,,,58.82,,,,,,,,,,27.70,32.60,,,,,,
,qPCR,2005-10-25,34.00,-129.00,100,,,,,,500.70,0.0002,44.33,0.02,15.74,,0.99,,,,,,,,,,,,,,,,,19.34,33.43,0.007,0.132,0.05,0.0938,,
,qPCR,2007-06-14,0.53,2.33,36,178.17,0.3,53.45,,,246.45,0.0002,2.38,0.02,,,0.10,,0.00,0.010,Chaetoceros,0.14,0.010 ,0.00,,,,,,,,,,27.00,34.70,,,,,,
,qPCR,2007-06-15,3.52,2.33,39,590.30,0.3,177.09,,,43.82,0.0002,123.36,0.02,,,2.48,Rhizosolenia,0.38,0.010,Chaetoceros,40.39,0.010 ,0.41,,,,,,,,,,28.20,34.60,,,,,,
,qPCR,2008-07-14,24.51,-109.00,50,1119.09,0.3,335.73,,,0.00,0.0002,42.50,0.02,,,0.85,"Rhizosolenia,Hemiaulus",174.49,0.010,,,,1.74,,,,,,,,,,28.87,34.99,,,,,,
,qPCR,2008-07-18,20.55,-106.55,55,395.65,0.3,118.69,,,0.00,0.0002,21.00,0.02,,,0.42,"Rhizosolenia,Hemiaulus",30.93,0.010,,,,0.31,,,,,,,,,,29.49,33.93,,,,,,
,qPCR,2008-07-12,26.51,-110.31,35,,,,,,0.00,0.0002,30.00,0.02,,,0.60,"Rhizosolenia,Hemiaulus",7.80,0.010,,,,0.08,,,,,,,,,,27.94,35.25,,,,,,
,qPCR,2008-07-15,24.51,-109.00,50,257.81,0.3,77.34,,,,,0.00,0.02,,,0.00,"Rhizosolenia,Hemiaulus",511.05,0.010,,,,5.11,,,,,,,,,,28.87,34.99,,,,,,
,qPCR,2009-08-10,21.00,115.00,150,446.3022,0.3,133.89,,,58.8550,0.0002,52.6266,0.02,,,1.0643,,,,,,,,,,,,,,,,,28.20,33.51,0.000,0.010,0.00,,,"Sampling dates estimated, cruise in August 2009"
,qPCR,2009-08-15,19.80,116.00,150,1549.8080,0.3,464.94,,,3488.5365,0.0002,40.0751,0.02,,,1.4992,Rhizosolenia,155.1823,0.010,,,,1.55,,,,,,,,,,29.70,33.67,0.000,0.010,0.00,,0.12,"Sampling dates estimated, cruise in August 2009"
,qPCR,2009-08-20,18.70,117.30,150,653.5015,0.3,196.05,,,416.3811,0.0002,196.7116,0.02,,,4.0175,Rhizosolenia,49.9791,0.010,,,,0.50,,,,,,,,,,29.80,33.60,0.000,0.029,0.00,,0.06,"Sampling dates estimated, cruise in August 2009"
,qPCR,2009-08-25,18.00,118.00,150,33611.2146,0.3,10083.36,,,16.4765,0.0002,149.3164,0.02,,,2.9896,Rhizosolenia,40.9758,0.010,,,,0.41,,,,,,,,,,28.70,33.39,0.000,0.020,0.00,,0.09,"Sampling dates estimated, cruise in August 2009"
,qPCR,2002-11-01,5.29,-24.03,100,19.87,0.3,5.96,,,0.00,0.0002,0.00,0.02,0.00,0.010 ,0.00,,,,,,,,,,,,,,,,,28.52,34.67,0.030,0.030,1.00,,,
,qPCR,2002-11-04,11.00,-21.67,80,13.76,0.3,4.13,,,6.68,0.0002,0.00,0.02,0.00,0.010 ,0.00,,,,,,,,,,,,,,,,,28.69,35.25,0.030,0.030,1.00,,,
,qPCR,2002-11-05,11.50,-18.73,80,6.50,0.3,1.95,,,0.49,0.0002,3.90,0.02,0.00,0.010 ,0.08,,,,,,,,,,,,,,,,,28.75,35.00,0.060,0.020,3.00,,,
,qPCR,2002-11-07,11.00,-19.75,70,21.01,0.3,6.30,,,0.00,0.0002,0.00,0.02,80.56,0.010 ,0.81,,,,,,,,,,,,,,,,,29.03,34.94,0.000,0.010,0.00,,,
,qPCR,2002-11-08,11.00,-20.42,60,84.32,0.3,25.30,,,21.77,0.0002,0.00,0.02,61.28,0.010 ,0.62,,,,,,,,,,,,,,,,,28.99,35.55,0.040,0.020,2.00,,,
,qPCR,2002-11-09,8.40,-18.50,60,29.31,0.3,8.79,,,6.78,0.0002,0.00,0.02,0.00,0.010 ,0.00,,,,,,,,,,,,,,,,,28.87,35.36,,,,,,
,qPCR,2004-03-12,22.06,-63.23,160,64.09,0.3,19.23,,,0.00,0.0002,0.00,0.02,0.00,0.010 ,0.00,,,,,,,,,,,,,,,,,25.58,36.64,0.029,0.147,0.20,,,
,qPCR,2004-03-12,23.30,-64.17,140,178.84,0.3,53.65,,,0.00,0.0002,0.00,0.02,0.00,0.010 ,0.00,,,,,,,,,,,,,,,,,25.28,36.67,0.078,0.068,1.15,,,
,qPCR,2004-03-13,25.79,-66.00,140,0.00,0.3,0.00,,,0.00,0.0002,0.00,0.02,0.00,0.010 ,0.00,,,,,,,,,,,,,,,,,23.38,36.83,0.000,0.084,0.00,,,
,qPCR,2004-03-15,29.72,-61.30,120,0.00,0.3,0.00,,,0.00,0.0002,0.00,0.02,0.00,0.010 ,0.00,,,,,,,,,,,,,,,,,21.19,36.81,0.029,0.100,0.29,,,
,qPCR,2004-03-22,28.21,-53.78,145,0.00,0.3,0.00,,,0.00,0.0002,0.00,0.02,0.00,0.010 ,0.00,,,,,,,,,,,,,,,,,22.03,36.91,0.010,0.051,0.19,,,
,qPCR,2004-03-27,38.99,-44.01,200,0.00,0.3,0.00,,,0.00,0.0002,0.00,0.02,0.00,0.010 ,0.00,,,,,,,,,,,,,,,,,17.28,36.43,1.657,0.207,7.99,,,
,qPCR,2004-03-28,42.00,-43.00,100,0.00,0.3,0.00,,,0.00,0.0002,0.00,0.02,0.00,0.010 ,0.00,,,,,,,,,,,,,,,,,16.29,36.34,4.094,0.331,12.36,,,
,qPCR,2004-04-01,33.01,-41.49,165,15.47,0.3,4.64,,,0.00,0.0002,0.00,0.02,0.00,0.010 ,0.00,,,,,,,,,,,,,,,,,19.75,36.67,0.010,0.116,0.08,,,
,qPCR,2004-04-04,33.98,-30.63,160,0.00,0.3,0.00,,,8.17,0.0002,0.00,0.02,0.00,0.010 ,0.00,,,,,,,,,,,,,,,,,18.47,36.59,0.205,0.116,1.76,,,
,qPCR,2004-04-05,33.98,-30.17,150,0.00,0.3,0.00,,,0.00,0.0002,0.00,0.02,0.00,0.010 ,0.00,,,,,,,,,,,,,,,,,17.93,36.46,0.263,0.084,3.13,,,
,qPCR,2004-04-05,32.58,-28.58,140,0.00,0.3,0.00,,,13.41,0.0002,0.00,0.02,0.00,0.010 ,0.00,,,,,,,,,,,,,,,,,19.18,36.68,0.088,0.068,1.30,,,
,qPCR,2004-04-06,30.81,-26.73,160,92.79,0.3,27.84,,,805.62,0.0002,0.00,0.02,0.00,0.010 ,0.16,,,,,,,,,,,,,,,,,20.02,36.95,0.019,0.051,0.38,,,
,qPCR,2004-04-07,33.80,-25.13,110,0.00,0.3,0.00,,,173.90,0.0002,0.00,0.02,0.00,0.010 ,0.03,,,,,,,,,,,,,,,,,18.14,36.34,0.039,0.034,1.14,,,
,qPCR,2004-04-12,37.59,-13.48,125,0.00,0.3,0.00,,,0.00,0.0002,0.00,0.02,0.00,0.010 ,0.00,,,,,,,,,,,,,,,,,15.83,36.27,0.643,0.147,4.36,,,
,qPCR,2001-09-07,0.00,67.00,150,,,,,,,,13511.5502,0.02,,,270.2310,,,,,,,,,,,,,,,,,,,,,,,,"Sampling dates estimated, cruise in 2001-09-01 to 2001-09-27"
,qPCR,2001-09-09,3.80,67.00,220,,,,,,,,1439.3443,0.02,,,28.7869,,,,,,,,,,,,,,,,,,,,,,,,"Sampling dates estimated, cruise in 2001-09-01 to 2001-09-27"
,qPCR,2001-09-12,7.60,67.00,150,,,,,,,,783.0601,0.02,,,15.6612,,,,,,,,,,,,,,,,,,,,,,,,"Sampling dates estimated, cruise in 2001-09-01 to 2001-09-27"
,qPCR,2001-09-26,26.00,56.58,95,,,,,,,,512.5683,0.02,,,10.2514,,,,,,,,,,,,,,,,,,,,,,,,"Sampling dates estimated, cruise in 2001-09-01 to 2001-09-27"
,qPCR,2006-04-17,9.99,108.78,75,10937.76,0.3,6.53,,,22.05,0.0002,,,,,0.00,,,,,,,,,,,,,,,,,,,,,,,,
,qPCR,2006-04-18,10.32,109.07,120,7611.10,0.3,2283.33,,,0.00,0.0002,74.99,0.02,,,1.50,,,,,,,,,,,,,,,,,,,,,,,,
,qPCR,2006-04-18,9.78,109.52,1144,5580.53,0.3,1674.16,,,0.00,0.0002,,,,,0.00,,,,,,,,,,,,,,,,,,,,,,,,
,qPCR,2006-04-19,10.95,109.75,280,1410.69,0.3,423.21,,,0.00,0.0002,1.19,0.02,,,0.02,,,,,,,,,,,,,,,,,,,,,,,,
,qPCR,2006-04-19,10.52,110.37,1700,14009.20,0.3,4202.76,,,0.00,0.0002,,,,,0.00,,,,,,,,,,,,,,,,,,,,,,,,
,qPCR,2006-04-19,10.03,109.97,1500,2112.64,0.3,633.79,,,718.78,0.0002,,,,,0.14,,,,,,,,,,,,,,,,,,,,,,,,
,qPCR,2006-04-20,11.63,109.51,126,1508.30,0.3,452.49,,,0.00,0.0002,,,,,0.00,,,,,,,,,,,,,,,,,,,,,,,,
,qPCR,2006-04-20,11.39,110.09,600,769.39,0.3,230.82,,,0.00,0.0002,,,,,0.00,,,,,,,,,,,,,,,,,,,,,,,,
,qPCR,2003-03-17,-15.00,155.00,149,1479.06,0.3,443.72,,,4.10,0.0002,4921.97,0.02,,,98.44,"Rhizosolenia,Hemiaulus",20.53,0.010,,,,0.21,,,,,,,,,,29.17,34.44,2.000,114.115,,,0.08,
,qPCR,2003-03-18,-17.50,155.80,149,20.57,0.3,6.17,,,8843.43,0.0002,1677.52,0.02,,,35.32,"Rhizosolenia,Hemiaulus",5.76,0.010,,,,0.06,,,,,,,,,,28.21,34.75,1.429,115.016,,,0.06,
,qPCR,2003-03-19,-20.00,156.61,150,85.31,0.3,25.59,,,17541.38,0.0002,12906.11,0.02,,,261.63,"Rhizosolenia,Hemiaulus",27.91,0.010,,,,0.28,,,,,,,,,,27.66,34.93,7.072,113.515,,,0.02,
,qPCR,2003-03-20,-22.50,157.43,149,50.58,0.3,15.17,,,20186.63,0.0002,3494.72,0.02,,,73.93,"Rhizosolenia,Hemiaulus",35.86,0.010,,,,0.36,,,,,,,,,,27.08,35.14,3.592,98.353,,,0.03,
,qPCR,2003-03-21,-25.00,158.27,151,54.67,0.3,16.40,,,19532.41,0.0002,551.36,0.02,,,14.93,"Rhizosolenia,Hemiaulus",8.04,0.010,,,,0.08,,,,,,,,,,25.81,35.39,2.279,93.399,,,0.07,
,qPCR,2003-03-22,-27.50,159.12,150,127.37,0.3,38.21,,,38365.31,0.0002,608.92,0.02,,,19.85,"Rhizosolenia,Hemiaulus",10.68,0.010,,,,0.11,,,,,,,,,,25.30,35.67,7.471,55.268,,,0.10,
,qPCR,2003-03-22,-30.00,160.00,149,296.75,0.3,89.03,,,87001.38,0.0002,85.82,0.02,,,19.12,"Rhizosolenia,Hemiaulus",7.93,0.010,,,,0.08,,,,,,,,,,24.29,35.74,5.368,54.968,,,0.08,
,qPCR,2003-03-24,-27.69,162.03,150,154.78,0.3,46.43,,,72191.67,0.0002,1884.84,0.02,,,52.14,"Rhizosolenia,Hemiaulus",16.36,0.010,,,,0.16,,,,,,,,,,24.27,35.90,,,,,0.09,
,qPCR,2003-03-25,-25.38,164.01,149,640.28,0.3,192.08,,,32768.90,0.0002,1110.69,0.02,,,28.77,,,,,,,,,,,,,,,,,25.16,35.65,20.000,65.000,,,0.10,
,qPCR,2003-03-28,-23.05,166.23,150,1342.37,0.3,402.71,,,10329.31,0.0002,1285.73,0.02,,,27.78,,,,,,,,,,,,,,,,,25.52,35.50,6.000,79.000,,,0.13,
,qPCR,2003-03-29,-22.55,170.39,149,8548.17,0.3,2564.45,,,13138.72,0.0002,1024.40,0.02,,,23.12,"Rhizosolenia,Hemiaulus",12.43,0.010,,,,0.12,,,,,,,,,,26.42,35.37,4.849,49.000,,,0.33,
,qPCR,2003-03-30,-22.05,174.35,129,18883.55,0.3,5665.07,,,10544.72,0.0002,2045.54,0.02,,,43.02,,,,,,,,,,,,,,,,,26.72,35.48,5.539,40.000,,,0.17,
,qPCR,2003-03-31,-21.55,178.30,149,11092.17,0.3,3327.65,,,8852.98,0.0002,5158.36,0.02,,,104.94,,,,,,,,,,,,,,,,,27.95,35.21,2.045,32.000,,,0.10,
,qPCR,2003-04-02,-21.05,-177.77,150,15440.88,0.3,4632.26,,,0.93,0.0002,468.92,0.02,,,9.38,,,,,,,,,,,,,,,,,27.37,35.08,7.996,26.000,,,0.12,
,qPCR,2003-04-03,-20.47,-173.55,148,21605.72,0.3,6481.72,,,35.68,0.0002,5115.66,0.02,,,102.32,,,,,,,,,,,,,,,,,27.74,35.50,7.507,89.000,,,0.15,
,qPCR,2003-04-05,-20.00,-170.00,150,230.21,0.3,69.06,,,202.85,0.0002,3912.39,0.02,,,78.29,,,,,,,,,,,,,,,,,27.92,35.21,2.731,131.000,,,0.04,
,qPCR,2003-04-06,-17.50,-170.00,175,1143.64,0.3,343.09,,,0.41,0.0002,18475.16,0.02,,,369.50,,,,,,,,,,,,,,,,,29.00,35.18,-0.110,144.000,,,0.19,
,qPCR,2003-04-07,-15.00,-170.00,149,51088.54,0.3,15326.56,,,221.07,0.0002,29832.62,0.02,,,596.70,,,,,,,,,,,,,,,,,29.98,35.01,1.015,97.000,,,0.10,
,qPCR,2003-04-08,-15.00,-173.75,169,29241.55,0.3,8772.46,,,37.70,0.0002,13011.61,0.02,,,260.24,,,,,,,,,,,,,,,,,29.48,35.13,0.106,111.000,,,0.16,
,qPCR,2003-04-09,-15.00,-177.50,150,788.63,0.3,236.59,,,423.42,0.0002,22438.94,0.02,,,448.86,,,,,,,,,,,,,,,,,29.15,35.08,-0.469,92.000,,,0.05,
,qPCR,2003-04-10,-15.00,178.75,150,96271.55,0.3,28881.46,,,2.96,0.0002,6231.89,0.02,,,124.64,"Rhizosolenia,Hemiaulus",455.76,0.010,,,,4.56,,,,,,,,,,28.94,34.99,6.135,33.000,,,0.33,
,qPCR,2003-04-12,-15.00,175.00,150,9881.61,0.3,2964.48,,,777.53,0.0002,64339.73,0.02,,,1286.95,"Rhizosolenia,Hemiaulus",42.07,0.010,,,,0.42,,,,,,,,,,29.39,34.23,0.012,114.000,,,0.06,
,qPCR,2003-04-13,-16.75,171.75,150,29624.83,0.3,8887.45,,,2623.70,0.0002,12018.53,0.02,,,240.90,"Rhizosolenia,Hemiaulus",126.60,0.010,,,,1.27,,,,,,,,,,28.80,34.80,21.681,61.000,,,0.20,
,qPCR,2006-06-22,18.39,-67.89,200,650.50,0.3,195.15,,,0.01,0.0002,0.40,0.02,,,0.01,"Hemiaulus, Rhizosolenia",51.71,0.010,,,,0.52,,,,,,,,,,28.76,36.42,,,,,,
,qPCR,2006-06-23,16.39,-65.13,150,58831.17,0.3,17649.35,,,200.00,0.0002,6.24,0.02,,,0.16,"Hemiaulus, Rhizosolenia",155.35,0.010,,,,1.55,,,,,,,,,,28.17,36.00,,,,,,
,qPCR,2006-06-27,12.26,-56.15,200,5186.91,0.3,1556.07,,,15.00,0.0002,34.45,0.02,,,0.69,"Hemiaulus, Rhizosolenia",21.48,0.010,,,,0.21,,,,,,,,,,28.44,31.77,,,,,,
,qPCR,2006-06-28,11.99,-54.45,200,22406.49,0.3,6721.95,,,0.01,0.0002,1.77,0.02,,,0.04,"Hemiaulus, Rhizosolenia",145.96,0.010,,,,1.46,,,,,,,,,,28.13,30.06,,0.000,,,,
,qPCR,2006-06-29,11.62,-51.50,200,13786.81,0.3,4136.04,,,0.06,0.0002,0.13,0.02,,,0.00,"Hemiaulus, Rhizosolenia",104.34,0.010,,,,1.04,,,,,,,,,,27.94,33.80,0.000,0.000,,,,
,qPCR,2006-06-30,11.71,-49.49,200,22529.66,0.3,6758.90,,,41.00,0.0002,5.11,0.02,,,0.11,"Hemiaulus, Rhizosolenia",11.71,0.010,,,,0.12,,,,,,,,,,27.43,36.07,,,,,,
,qPCR,2006-07-01,11.79,-46.16,200,8441.49,0.3,2532.45,,,670.00,0.0002,0.31,0.02,,,0.14,"Hemiaulus, Rhizosolenia",14.38,0.010,,,,0.14,,,,,,,,,,26.82,36.37,,,,,,
,qPCR,2006-07-03,11.79,-43.45,200,4156.02,0.3,1246.81,,,2.00,0.0002,0.52,0.02,,,0.01,"Hemiaulus, Rhizosolenia",10.70,0.010,,,,0.11,,,,,,,,,,27.38,36.14,,,,,,
,qPCR,2006-07-04,12.43,-40.13,200,378.04,0.3,113.41,,,510.00,0.0002,0.56,0.02,,,0.11,"Hemiaulus, Rhizosolenia",132.12,0.010,,,,1.32,,,,,,,,,,26.35,36.43,,,,,,
,qPCR,2006-07-06,13.92,-35.28,200,342.57,0.3,102.77,,,830.00,0.0002,25.86,0.02,,,0.68,"Hemiaulus, Rhizosolenia",0.11,0.010,,,,0.00,,,,,,,,,,26.01,36.40,,,,,,
,qPCR,2006-07-07,14.98,-31.96,200,38.12,0.3,11.44,,,11000.00,0.0002,0.14,0.02,,,2.20,"Hemiaulus, Rhizosolenia",11.31,0.010,,,,0.11,,,,,,,,,,25.19,36.35,,,,,,
,qPCR,2006-07-12,16.90,-25.00,200,651.75,0.3,195.52,,,4000.00,0.0002,4.19,0.02,,,0.88,"Hemiaulus, Rhizosolenia",8.01,0.010,,,,0.08,,,,,,,,,,26.93,36.16,,,,,,
,qPCR,2006-07-13,10.00,-28.77,200,2.69,0.3,0.81,,,650.00,0.0002,0.09,0.02,,,0.13,"Hemiaulus, Rhizosolenia",0.50,0.010,,,,0.01,,,,,,,,,,27.18,35.96,,,,,,
,qPCR,2006-07-14,6.65,-30.85,200,9100.89,0.3,2730.27,,,0.02,0.0002,0.23,0.02,,,0.00,"Hemiaulus, Rhizosolenia",0.00,0.010,,,,0.00,,,,,,,,,,28.39,35.05,,,,,,
,qPCR,2006-07-15,3.33,-32.93,200,32745.26,0.3,9823.58,,,850.00,0.0002,0.43,0.02,,,0.18,"Hemiaulus, Rhizosolenia",40.26,0.010,,,,0.40,,,,,,,,,,27.85,35.50,,,,,,
,qPCR,2006-07-14,0.08,-34.99,200,6122.56,0.3,1836.77,,,0.00,0.0002,0.11,0.02,,,0.00,"Hemiaulus, Rhizosolenia",0.31,0.010,,,,0.00,,,,,,,,,,26.80,36.19,,,,,,
,qPCR,2006-07-17,1.83,-38.50,200,38433.49,0.3,11530.05,,,0.06,0.0002,101.62,0.02,,,2.03,"Hemiaulus, Rhizosolenia",46.68,0.010,,,,0.47,,,,,,,,,,28.12,35.59,,,,,,
,qPCR,2006-07-19,3.67,-41.96,200,11165.60,0.3,3349.68,,,0.01,0.0002,0.56,0.02,,,0.01,"Hemiaulus, Rhizosolenia",870.25,0.010,,,,8.70,,,,,,,,,,28.25,35.28,,,,,,
,qPCR,2006-07-20,5.60,-45.60,200,20877.89,0.3,6263.37,,,0.02,0.0002,5.72,0.02,,,0.11,"Hemiaulus, Rhizosolenia",226.14,0.010,,,,2.26,,,,,,,,,,28.56,32.97,,,,,,
,qPCR,2006-07-21,7.53,-49.26,200,28216.49,0.3,8464.95,,,0.00,0.0002,0.34,0.02,,,0.01,"Hemiaulus, Rhizosolenia",29.91,0.010,,,,0.30,,,,,,,,,,28.76,32.75,,,,,,
